text,intent,lang,source
precio,precio,es,team
cual es el precio del cafe,precio,es,team
q precio tiene el cafe,precio,es,team
cuanto pagan x kilo,precio,es,team
cuanto esta el cafe pergamino,precio,es,team
a como esta el cafe hoy,precio,es,team
a cuanto compran el kilo de cafe,precio,es,team
precio del cafe porfa,precio,es,team
cuanto vale el quintal de pergamino,precio,es,team
cuanto pagan el cafe en la cooperativa,precio,es,team
me puede decir el precio del maiz,precio,es,team
precio del frijol,precio,es,team
a como anda el frijol,precio,es,team
cuanto cuesta el maiz ahorita,precio,es,team
ya subio el precio del cafe?,precio,es,team
el coyote me ofrece 40 el kilo es buen precio,precio,es,team
cuanto esta pagando el intermediario,precio,es,team
kiero saber el precio,precio,es,team
precio de hoy,precio,es,team
precios de cafe maiz y frijol,precio,es,team
a como pagan el cafe oro,precio,es,team
cuanto dan por el pergamino,precio,es,team
a cuanto esta el kilo,precio,es,team
informacion de precios,precio,es,team
precio cafe,precio,es,team
cual es el precio de referencia,precio,es,team
cuanto vale mi cafe,precio,es,team
k precio tiene el kilo de cafe,precio,es,team
buenas tardes a como esta el cafe,precio,es,team
cuanto esta la bolsa de nueva york,precio,es,team
a como se vende el cafe esta semana,precio,es,team
me pasa el precio x favor,precio,es,team
precio del cafe pergamino seco,precio,es,team
cuanto pagan por kilo de cafe cereza,precio,es,team
quiero vender mi cafe a cuanto esta,precio,es,team
esta bien pagado a 45 el kilo?,precio,es,team
cuanto se paga el maiz blanco,precio,es,team
presio del cafe,precio,es,team
el precio,precio,es,team
cuanto es el precio del cafe,precio,es,team
precio x kilo pergamino,precio,es,team
ya bajo el cafe?,precio,es,team
cuanto ofrecen por quintal,precio,es,team
cual es el precio justo del cafe,precio,es,team
Buenos dias. A como esta pagando el cafe?,precio,es,team
cuanto vale el frijol negro,precio,es,team
PRECIO CAFE,precio,es,team
nesecito saber cuanto pagan el cafe,precio,es,team
a como el kg de cafe,precio,es,team
cuanto me darian por 10 kilos de pergamino,precio,es,team
jayeb stojol te kajpe,precio,tzh,ai-draft-unverified
bayel stojol te kajpe yo'tik,precio,tzh,ai-draft-unverified
jayeb ya stoj te ixim,precio,tzh,ai-draft-unverified
stojol kajpe,precio,tzh,ai-draft-unverified
mi cafe tiene manchas amarillas,reporte,es,team
las hojas tienen polvo naranja abajo,reporte,es,team
creo que mi cafe tiene roya,reporte,es,team
se estan cayendo las hojas del cafe,reporte,es,team
hay manchas cafes en las hojas,reporte,es,team
las hojas se ponen amarillas y se caen,reporte,es,team
mis matas de cafe estan enfermas,reporte,es,team
tiene como caminitos las hojas,reporte,es,team
hay plaga en mi cafetal,reporte,es,team
quiero reportar roya,reporte,es,team
quiero reportar una plaga,reporte,es,team
las hojas tienen un polvito anaranjado,reporte,es,team
mis plantas se estan secando,reporte,es,team
las hojitas tienen manchas negras,reporte,es,team
tengo roya en mi parcela,reporte,es,team
hay un gusanito dentro de la hoja,reporte,es,team
la hoja esta quemada en la punta,reporte,es,team
mi cafetal se ve mal,reporte,es,team
las hojas tienen hoyitos,reporte,es,team
hay manchas como ojo en la hoja,reporte,es,team
reporte de plaga,reporte,es,team
se me esta muriendo el cafe,reporte,es,team
el cafe tiene manchas raras,reporte,es,team
como mando mi reporte,reporte,es,team
quiero mandar un reporte de mi cafe,reporte,es,team
manchas naranjas debajo de la hoja,reporte,es,team
las plantas tienen arañitas rojas,reporte,es,team
las hojas estan como bronceadas,reporte,es,team
mi cafe se esta poniendo amarillo,reporte,es,team
encontre roya en el cafe de arriba,reporte,es,team
reportar enfermedad cafe,reporte,es,team
hay mucha roya este año,reporte,es,team
la hoja tiene manchas cafe con orilla amarilla,reporte,es,team
se ve polvo amarillo en las hojas,reporte,es,team
las matas nuevas se estan muriendo,reporte,es,team
las hojas se enrollan y se secan,reporte,es,team
tengo un problema con las hojas de mi cafe,reporte,es,team
como reporto que mi cafe esta enfermo,reporte,es,team
reporte,reporte,es,team
mancha de hierro en el cafe,reporte,es,team
minador en las hojas,reporte,es,team
se secaron las ramas de abajo,reporte,es,team
hay hongo en el cafe,reporte,es,team
mis cafetos estan tirando hojas,reporte,es,team
Mi kafe tiene roya creo,reporte,es,team
las ojas tienen manchas,reporte,es,team
le salio algo a las hojas del cafe,reporte,es,team
hay muchos granos negros y hojas manchadas,reporte,es,team
le cayo la roya a mi cafe,reporte,es,team
ya llego la roya a mi cafetal,reporte,es,team
tiene polvito naranja por debajo de las hojas,reporte,es,team
sale un polvo amarillo de las hojas del cafe,reporte,es,team
mis cafetos tienen como polvo anaranjado,reporte,es,team
en la parcela de abajo las hojas traen polvo naranja,reporte,es,team
las matas tienen manchas color oxido,reporte,es,team
hojas con manchas cafes y se estan secando,reporte,es,team
salen manchitas cafe en las hojas nuevas,reporte,es,team
se le caen las hojas a las matas,reporte,es,team
las matas se estan quedando sin hojas,reporte,es,team
mi cafe esta tirando la hoja,reporte,es,team
las hojas tienen caminitos blancos,reporte,es,team
hay como minas o caminitos en las ojas,reporte,es,team
se ven como caminos adentro de la hoja,reporte,es,team
las hojas estan quemadas,reporte,es,team
las ojas se ven como quemadas y negras,reporte,es,team
la hoja se quema de la orilla,reporte,es,team
mucha plaga en el cafetal este mes,reporte,es,team
tengo plaga en mis cafetos,reporte,es,team
le entro plaga a las matas de cafe,reporte,es,team
la roya esta acabando con mi cafe,reporte,es,team
creo q es roya lo q tiene mi cafe,reporte,es,team
ay roya en mi parsela,reporte,es,team
el cafetal esta enfermo de roya,reporte,es,team
mi cafe tiene roya que hago,reporte,es,team
hojas manchadas en todo el cafetal,reporte,es,team
las plantas tienen manchas y polvo en las hojas,reporte,es,team
se esta secando el cafe de la orilla,reporte,es,team
las hojas amarillas se caen solitas,reporte,es,team
ay chamel ta jkajpetal,reporte,tzh,ai-draft-unverified
k'anub yabenal te kajpe,reporte,tzh,ai-draft-unverified
ay roya ta jkajpe,reporte,tzh,ai-draft-unverified
ya xlaj te kajpe,reporte,tzh,ai-draft-unverified
ayuda,ayuda,es,team
ayudame,ayuda,es,team
que puedo escribir,ayuda,es,team
como funciona esto,ayuda,es,team
como se usa cafetal,ayuda,es,team
que es este numero,ayuda,es,team
no entiendo como usar,ayuda,es,team
menu,ayuda,es,team
opciones,ayuda,es,team
que servicios tienen,ayuda,es,team
info,ayuda,es,team
como uso la app,ayuda,es,team
para que sirve este mensaje,ayuda,es,team
que hago con el codigo,ayuda,es,team
como mando el codigo,ayuda,es,team
no me funciona la app,ayuda,es,team
se me olvido como se usa,ayuda,es,team
instrucciones,ayuda,es,team
que significa CAF1,ayuda,es,team
como pido el precio,ayuda,es,team
hola que puedo hacer aqui,ayuda,es,team
necesito ayuda con la aplicacion,ayuda,es,team
ayuda por favor,ayuda,es,team
como le hago,ayuda,es,team
no se usar el celular,ayuda,es,team
me explica como funciona,ayuda,es,team
que palabras puedo mandar,ayuda,es,team
comandos,ayuda,es,team
como descargo la aplicacion,ayuda,es,team
la app no abre,ayuda,es,team
no puedo tomar la foto,ayuda,es,team
donde esta el boton enviar,ayuda,es,team
como borro mis datos,ayuda,es,team
olvide mi numero de socio,ayuda,es,team
cual es mi numero de socio,ayuda,es,team
como cambio el idioma,ayuda,es,team
como funciona el sms,ayuda,es,team
que es cafetal,ayuda,es,team
ayudaa,ayuda,es,team
aiuda,ayuda,es,team
help,ayuda,es,team
no entiendo q hago,ayuda,es,team
como se manda la foto,ayuda,es,team
que tengo que escribir para el precio,ayuda,es,team
como funciona el servicio de la cooperativa,ayuda,es,team
la aplicacion no me da resultado,ayuda,es,team
koltayawon,ayuda,tzh,ai-draft-unverified
bin ya jts'ibay,ayuda,tzh,ai-draft-unverified
bit'il ya jtuntes te app,ayuda,tzh,ai-draft-unverified
tecnico,hablar_con_tecnico,es,team
quiero hablar con el tecnico,hablar_con_tecnico,es,team
kiero hablar con el ingeniero,hablar_con_tecnico,es,team
que venga el tecnico,hablar_con_tecnico,es,team
necesito que me visite el ingeniero,hablar_con_tecnico,es,team
cuando viene el tecnico,hablar_con_tecnico,es,team
me puede llamar el tecnico,hablar_con_tecnico,es,team
pasame con el ingeniero,hablar_con_tecnico,es,team
quiero una visita a mi parcela,hablar_con_tecnico,es,team
necesito asesoria,hablar_con_tecnico,es,team
que me marque el agronomo,hablar_con_tecnico,es,team
puede venir alguien a ver mi cafe,hablar_con_tecnico,es,team
quiero hablar con una persona,hablar_con_tecnico,es,team
comuniqueme con el tecnico,hablar_con_tecnico,es,team
llamenme por favor,hablar_con_tecnico,es,team
necesito hablar con alguien de la cooperativa,hablar_con_tecnico,es,team
urge que venga el tecnico,hablar_con_tecnico,es,team
cuando pasa el extensionista,hablar_con_tecnico,es,team
quiero que el tecnico vea mi cafetal,hablar_con_tecnico,es,team
me hace favor de mandar al ingeniero,hablar_con_tecnico,es,team
el ingeniero no ha venido,hablar_con_tecnico,es,team
necesito una visita urgente,hablar_con_tecnico,es,team
quiero platicar con el tecnico,hablar_con_tecnico,es,team
tecnico porfavor,hablar_con_tecnico,es,team
hablar con tecnico,hablar_con_tecnico,es,team
inge necesito que venga,hablar_con_tecnico,es,team
quiero una cita con el tecnico,hablar_con_tecnico,es,team
necesito consejo del ingeniero,hablar_con_tecnico,es,team
favor de que me hablen,hablar_con_tecnico,es,team
quiero hablar con el encargado,hablar_con_tecnico,es,team
puede llamarme el tecnico a este numero,hablar_con_tecnico,es,team
necesito orientacion de un tecnico,hablar_con_tecnico,es,team
que me visiten esta semana,hablar_con_tecnico,es,team
el tecnico puede revisar mi parcela?,hablar_con_tecnico,es,team
quiero que alguien me explique en persona,hablar_con_tecnico,es,team
manden un tecnico a ondera alto,hablar_con_tecnico,es,team
tecnico urgente,hablar_con_tecnico,es,team
tengo una pregunta para el ingeniero,hablar_con_tecnico,es,team
quiero hablar con el promotor,hablar_con_tecnico,es,team
necesito ver al tecnico,hablar_con_tecnico,es,team
Ingeniero me puede visitar el sabado,hablar_con_tecnico,es,team
q venga el ing a mi terreno,hablar_con_tecnico,es,team
me urge hablar con el tecnico de la cooperativa,hablar_con_tecnico,es,team
quiero que me asesore un agronomo,hablar_con_tecnico,es,team
cuando me toca la visita del tecnico,hablar_con_tecnico,es,team
ya jk'an ya jk'opon te tecnico,hablar_con_tecnico,tzh,ai-draft-unverified
ak'a tal te tecnico,hablar_con_tecnico,tzh,ai-draft-unverified
ya jk'an ya yil jkajpetal te ingeniero,hablar_con_tecnico,tzh,ai-draft-unverified
hola,otro,es,team
buenos dias,otro,es,team
gracias,otro,es,team
ok,otro,es,team
si,otro,es,team
no,otro,es,team
quien es,otro,es,team
feliz navidad,otro,es,team
te quiero mama,otro,es,team
ya llegue,otro,es,team
recarga tu saldo y gana el doble,otro,es,team
felicidades ganaste un premio marca ya,otro,es,team
a que hora es la junta,otro,es,team
mañana no voy a ir,otro,es,team
donde estas,otro,es,team
ya comiste,otro,es,team
voy para alla,otro,es,team
saludos a la familia,otro,es,team
dios te bendiga,otro,es,team
ok gracias,otro,es,team
la reunion es el sabado,otro,es,team
se fue la luz,otro,es,team
va a llover mañana,otro,es,team
ya pague la cuota,otro,es,team
me prestas 200 pesos,otro,es,team
a que hora sale la combi,otro,es,team
jajaja,otro,es,team
bueno,otro,es,team
sale pues,otro,es,team
numero equivocado,otro,es,team
quien me escribio,otro,es,team
mi hija va a ir el domingo,otro,es,team
pasame tu numero,otro,es,team
estoy en el campo,otro,es,team
ya cosechamos,otro,es,team
que tal como estas,otro,es,team
nos vemos en la fiesta,otro,es,team
compra tortillas,otro,es,team
ya llego el camion de la leña,otro,es,team
no tengo saldo,otro,es,team
wokol awal,otro,tzh,ai-draft-unverified
bit'il ayat,otro,tzh,ai-draft-unverified
