photo_id,observation_uuid,observer_id,license,taxon_name,label,split,quality_grade,observed_on,lat,lon,in_mexico_box,in_mexico,inat_url
6431958,f3d2c2b2-ef8e-478f-bdd5-2f71b0ad7e64,414728,CC-BY-NC,Coffea arabica,coffea,coffea_calib,casual,2011-01-06,4.7,-74.6,0,0,https://www.inaturalist.org/photos/6431958
7005844,7af0c935-4fec-472f-88b8-100e9d24d0f4,300278,CC-BY-NC,Coffea arabica,coffea,coffea_calib,casual,2017-04-06,19.5,-155.9,0,0,https://www.inaturalist.org/photos/7005844
7774631,d41338fb-6749-4043-b445-3660ae3be272,434096,CC-BY-NC-SA,Coffea arabica,coffea,coffea_calib,casual,2015-04-03,20.1,-97.5,1,1,https://www.inaturalist.org/photos/7774631
13289528,3d3bd79c-b9f8-412b-91a3-803b25e69894,415301,CC-BY-NC,Coffea arabica,coffea,coffea_calib,casual,2018-01-27,19.4,-100.4,1,1,https://www.inaturalist.org/photos/13289528
20117059,336deacf-9903-4551-98a3-1a626095b8b9,1038556,CC-BY-NC,Coffea arabica,coffea,coffea_calib,casual,,,,0,0,https://www.inaturalist.org/photos/20117059
23137356,ff9f9d6c-0a83-4854-abfb-0bb1eb066727,1107338,CC-BY-NC,Coffea arabica,coffea,coffea_calib,casual,2018-08-10,19.0,-99.1,1,1,https://www.inaturalist.org/photos/23137356
27868601,acd7313e-423a-491a-bf8b-a81e289b9166,1333178,CC-BY-NC,Coffea arabica,coffea,coffea_calib,casual,,,,0,0,https://www.inaturalist.org/photos/27868601
29304541,1cc41225-f01c-49df-ac38-f1fdc9253bed,776196,CC-BY-NC,Coffea arabica,coffea,coffea_calib,research,2018-10-13,19.4,-155.8,0,0,https://www.inaturalist.org/photos/29304541
30217110,bed1aa13-ddbd-4fcc-a678-9b40fb2a6771,1417799,CC-BY-NC,Coffea arabica,coffea,coffea_calib,casual,2019-01-13,48.4,-123.3,0,0,https://www.inaturalist.org/photos/30217110
30452940,00c6324f-74b0-4eb6-9fbe-4292558912e7,415954,CC-BY-NC,Coffea arabica,coffea,coffea_calib,casual,2019-01-20,4.9,-74.1,0,0,https://www.inaturalist.org/photos/30452940
30523239,eacbddf4-6d60-479f-9e4b-71c2b08b5e2c,1368591,CC-BY-NC,Coffea arabica,coffea,coffea_calib,casual,2019-01-22,6.8,-73.3,0,0,https://www.inaturalist.org/photos/30523239
30594602,2c58f3f1-97c5-4170-ac73-616c738caa96,1432912,CC-BY-NC,Coffea arabica,coffea,coffea_calib,research,2017-02-20,10.3,-84.8,0,0,https://www.inaturalist.org/photos/30594602
31944721,dccc0251-30f1-45bb-afe3-44dadab3326d,1483679,CC-BY-NC,Coffea arabica,coffea,coffea_calib,casual,2019-02-23,5.4,100.3,0,0,https://www.inaturalist.org/photos/31944721
33968327,bfb00182-79a5-4142-8d40-435278d9bc57,1554030,CC-BY-NC,Coffea arabica,coffea,coffea_calib,casual,2019-04-02,-0.2,-78.4,0,0,https://www.inaturalist.org/photos/33968327
34351578,c3436978-8d17-4d50-bbad-471bbebdb5cd,1237567,CC-BY-NC,Coffea arabica,coffea,coffea_calib,casual,2019-04-08,23.5,120.5,0,0,https://www.inaturalist.org/photos/34351578
35145962,4930e32e-c181-4585-bc36-7cdbbcac84ef,1631528,CC-BY-NC,Coffea arabica,coffea,coffea_calib,casual,2019-04-18,-19.5,-46.2,0,0,https://www.inaturalist.org/photos/35145962
41494675,eab350b9-2011-4ad1-831e-c2551b49a636,1820398,CC-BY-NC,Coffea arabica,coffea,coffea_calib,research,2019-06-08,9.4,-83.6,0,0,https://www.inaturalist.org/photos/41494675
42178502,4300a217-c5c9-4680-aa5b-ac3117d4c04a,1865585,CC-BY-NC,Coffea arabica,coffea,coffea_calib,research,2019-06-16,9.1,-79.5,0,0,https://www.inaturalist.org/photos/42178502
42331861,fffd9cbc-2806-4450-b40e-f68fd614948a,1726528,CC-BY-NC,Coffea arabica,coffea,coffea_calib,research,2019-06-18,9.0,-83.0,0,0,https://www.inaturalist.org/photos/42331861
43128376,893ad129-6f2b-40d2-aad6-cd1019621275,1898152,CC-BY-NC,Coffea arabica,coffea,coffea_calib,casual,2019-06-26,45.5,-71.8,0,0,https://www.inaturalist.org/photos/43128376
43229573,1920662e-04e3-4e11-8bc0-08489cbe9bdc,1766538,CC-BY-NC,Coffea arabica,coffea,coffea_calib,research,2018-07-13,-20.2,-41.1,0,0,https://www.inaturalist.org/photos/43229573
45484588,dd1ca96e-914c-4f72-8554-2f467996980d,1727577,CC-BY-NC,Coffea arabica,coffea,coffea_calib,research,2019-07-19,21.9,-159.6,0,0,https://www.inaturalist.org/photos/45484588
48955712,47781794-9601-4ace-9712-5b37f86bb09d,248298,CC-BY-NC,Coffea arabica,coffea,coffea_calib,research,2019-08-21,-3.4,36.6,0,0,https://www.inaturalist.org/photos/48955712
53457388,7083c0d3-8716-4d58-a389-dea5f61cd3c9,179103,CC-BY-NC,Coffea arabica,coffea,coffea_calib,research,2019-10-06,19.4,-155.9,0,0,https://www.inaturalist.org/photos/53457388
54715496,bd2eb01b-08b6-4721-b27d-955beb98a675,2319425,CC-BY-NC,Coffea arabica,coffea,coffea_calib,research,2019-10-18,17.9,-96.2,1,1,https://www.inaturalist.org/photos/54715496
56357217,ccd018d7-1d20-4d30-b03f-ac2387a54362,2435485,CC-BY-NC,Coffea arabica,coffea,coffea_calib,research,2019-11-15,10.1,-84.2,0,0,https://www.inaturalist.org/photos/56357217
58700474,edf04f85-7593-4413-878f-023dc2881779,2042993,CC-BY-NC,Coffea arabica,coffea,coffea_calib,casual,2019-12-28,22.7,120.7,0,0,https://www.inaturalist.org/photos/58700474
58801827,2c0244b1-259a-442e-9238-81413471d685,109253,CC-BY,Coffea arabica,coffea,coffea_calib,casual,2019-12-31,-33.9,151.1,0,0,https://www.inaturalist.org/photos/58801827
59095313,795777d6-4e6b-4c5f-abff-ce4210f8fe2c,1645268,CC-BY-NC,Coffea arabica,coffea,coffea_calib,casual,2020-01-04,-16.1,35.1,0,0,https://www.inaturalist.org/photos/59095313
61695027,8949e62e-39ba-45df-b4f1-a5ab4106c0a4,2516539,CC-BY-NC,Coffea arabica,coffea,coffea_calib,casual,2020-02-17,21.5,-158.0,0,0,https://www.inaturalist.org/photos/61695027
62342508,58146f00-db73-4428-a3da-2f6ec46aac92,236116,CC-BY-NC,Coffea arabica,coffea,coffea_calib,casual,2020-02-28,25.0,121.5,0,0,https://www.inaturalist.org/photos/62342508
63421335,3e630d48-0d06-4ddd-9bec-2c16c182d1ec,521371,CC-BY-NC,Coffea arabica,coffea,coffea_calib,casual,2020-03-13,11.3,-60.6,0,0,https://www.inaturalist.org/photos/63421335
64385618,60e04ea0-7018-4fdc-b2bd-5ad1abe8d91b,2494058,CC-BY-NC,Coffea arabica,coffea,coffea_calib,casual,2020-03-24,24.8,121.0,0,0,https://www.inaturalist.org/photos/64385618
67346382,1861c8e2-4595-430e-b5e9-669cf681f087,1974205,CC-BY-NC,Coffea arabica,coffea,coffea_calib,research,2020-01-14,21.1,-75.8,0,0,https://www.inaturalist.org/photos/67346382
68662728,21b252c1-06ce-4ef1-9646-7c4698de6d47,2737566,CC-BY-NC,Coffea arabica,coffea,coffea_calib,casual,2020-04-23,-29.9,-50.3,0,0,https://www.inaturalist.org/photos/68662728
68970955,6c4bc8d5-0888-4742-a3d3-d676f56562a3,2585382,CC-BY-NC,Coffea arabica,coffea,coffea_calib,casual,2020-04-25,12.1,-86.2,0,0,https://www.inaturalist.org/photos/68970955
69874748,c9aab73c-3cd8-4c9f-b531-7e75d69dbd3b,2710028,CC-BY-NC,Coffea arabica,coffea,coffea_calib,research,2020-04-27,9.1,-79.7,0,0,https://www.inaturalist.org/photos/69874748
71221096,b6baaf39-9c0d-4a48-a5f3-fb79858d4845,2760716,CC0,Coffea arabica,coffea,coffea_calib,casual,2020-05-05,24.8,121.0,0,0,https://www.inaturalist.org/photos/71221096
71847228,4d30b2c1-4f42-45f1-98b4-9f54454cdb06,849104,CC-BY-NC,Coffea arabica,coffea,coffea_calib,research,2020-05-08,0.1,-79.2,0,0,https://www.inaturalist.org/photos/71847228
75530975,f3e84e72-099e-4af5-b6e6-83c39b7ca58b,2845858,CC-BY-NC,Coffea arabica,coffea,coffea_calib,research,2020-05-28,-23.5,-46.7,0,0,https://www.inaturalist.org/photos/75530975
75854368,93a6f673-c5c3-40b6-bfa0-30c2bd1c66ce,1389678,CC-BY-NC,Coffea arabica,coffea,coffea_calib,casual,2020-05-30,24.9,121.5,0,0,https://www.inaturalist.org/photos/75854368
77276864,39d7572d-19ee-4566-aa5d-839f2f36c231,2095064,CC-BY-NC,Coffea arabica,coffea,coffea_calib,casual,2020-06-06,47.8,-122.3,0,0,https://www.inaturalist.org/photos/77276864
89814901,23dc9897-9430-42e3-a6f5-fc66c5a9f908,1816276,CC-BY-NC,Coffea arabica,coffea,coffea_calib,research,2019-09-21,20.7,-156.1,0,0,https://www.inaturalist.org/photos/89814901
90573418,1d5b5cc0-49dd-4704-a2bf-013a2a125aed,1520329,CC-BY-NC,Coffea arabica,coffea,coffea_calib,research,2020-08-14,,,0,0,https://www.inaturalist.org/photos/90573418
90875396,0170c1bf-921f-4772-80cb-d4c627cf7c02,1131047,CC-BY-SA,Coffea arabica,coffea,coffea_calib,casual,2020-07-20,17.3,-100.2,1,1,https://www.inaturalist.org/photos/90875396
98415142,2fd6925f-c682-4390-b567-672d54109493,3573819,CC-BY-NC,Coffea arabica,coffea,coffea_calib,casual,2020-10-02,19.4,-97.0,1,1,https://www.inaturalist.org/photos/98415142
100202347,84d68083-30b1-4af0-95c1-261e523984ec,3449161,CC-BY-NC,Coffea arabica,coffea,coffea_calib,casual,2020-03-15,20.2,-97.9,1,1,https://www.inaturalist.org/photos/100202347
100625560,1c4c59c0-b3e1-466f-a672-3c1cafe56fcd,3136219,CC-BY-NC,Coffea arabica,coffea,coffea_calib,casual,2020-10-17,23.3,120.5,0,0,https://www.inaturalist.org/photos/100625560
100719495,53286a9a-4228-4794-b313-909ee15018a0,3703393,CC-BY-NC,Coffea arabica,coffea,coffea_calib,casual,2020-10-17,-20.4,-43.7,0,0,https://www.inaturalist.org/photos/100719495
100783196,0624261c-502f-44cc-962a-1b18a3083463,3729346,CC-BY-NC,Coffea arabica,coffea,coffea_calib,casual,2020-06-05,18.6,-95.1,1,1,https://www.inaturalist.org/photos/100783196
101499257,7e595a71-ccf2-4175-b33b-2a8c5de20502,1527518,CC-BY-NC,Coffea arabica,coffea,coffea_calib,casual,2015-11-08,6.9,80.8,0,0,https://www.inaturalist.org/photos/101499257
101711085,dbd52231-430c-4b4d-9ad9-b75703d66a80,1520486,CC-BY-NC,Coffea arabica,coffea,coffea_calib,casual,2020-10-24,25.0,121.5,0,0,https://www.inaturalist.org/photos/101711085
103423445,67a09dd7-83e0-4d36-9f75-692f2c48a311,563128,CC-BY-NC,Coffea arabica,coffea,coffea_calib,casual,2018-01-15,-23.0,-43.2,0,0,https://www.inaturalist.org/photos/103423445
103756149,f8caeac8-a697-4763-868c-881bea549ad2,3794321,CC-BY-NC,Coffea arabica,coffea,coffea_calib,needs_id,2020-11-09,-0.1,-79.0,0,0,https://www.inaturalist.org/photos/103756149
105160950,348c128f-ec75-4ec0-8dbf-59a89b3a6be0,3799711,CC-BY-NC,Coffea arabica,coffea,coffea_calib,casual,2020-11-21,-25.3,-57.6,0,0,https://www.inaturalist.org/photos/105160950
105317243,2e00f9ce-5939-44fa-9f70-788723fe9f90,3791495,CC-BY-NC,Coffea arabica,coffea,coffea_calib,casual,2020-11-11,20.8,-98.7,1,1,https://www.inaturalist.org/photos/105317243
105784197,6f500fcf-89b5-43c5-adcc-66119233e5c6,3866811,CC-BY-NC,Coffea arabica,coffea,coffea_calib,casual,2020-11-17,14.7,-91.5,1,0,https://www.inaturalist.org/photos/105784197
106185247,0d484728-68af-43e2-a4da-27194bba62df,3554280,CC-BY-NC,Coffea arabica,coffea,coffea_calib,research,2020-11-22,-0.1,-78.4,0,0,https://www.inaturalist.org/photos/106185247
108908876,51d3d3a7-ccbd-451e-aa00-b8e5c4c10484,3622442,CC-BY-NC,Coffea arabica,coffea,coffea_calib,research,2017-05-06,-22.4,-43.0,0,0,https://www.inaturalist.org/photos/108908876
109132977,3e831f6c-8636-4d5e-87c4-a25b9928b9f3,1545226,CC-BY-NC,Coffea arabica,coffea,coffea_calib,research,2021-01-03,20.9,-156.6,0,0,https://www.inaturalist.org/photos/109132977
109501419,5bdbb129-28d1-434a-ac01-d5492bc9cc03,3904430,CC-BY-NC,Coffea arabica,coffea,coffea_calib,casual,2021-01-07,8.6,-83.4,0,0,https://www.inaturalist.org/photos/109501419
110106123,cff85d65-3a00-4b58-b1a4-577b5e4822a2,3931866,CC-BY-NC,Coffea arabica,coffea,coffea_calib,needs_id,2021-01-14,14.6,121.3,0,0,https://www.inaturalist.org/photos/110106123
112648175,5849bb35-51b2-43c9-a09a-bda5d27a6122,19823,CC-BY-NC,Coffea arabica,coffea,coffea_calib,needs_id,2013-05-15,-0.3,30.1,0,0,https://www.inaturalist.org/photos/112648175
114250380,a168c71a-c4db-4019-8ec3-b2f26c7dcc29,3345278,CC-BY-NC,Coffea arabica,coffea,coffea_calib,research,2021-02-27,-27.6,153.1,0,0,https://www.inaturalist.org/photos/114250380
116245430,9c6595f6-16be-4674-872b-16d87ecef256,2051823,CC-BY-NC,Coffea arabica,coffea,coffea_calib,research,2021-03-17,10.9,76.1,0,0,https://www.inaturalist.org/photos/116245430
116971990,2dd073c6-b040-4dd8-a6f0-8661d1300cba,1232439,CC-BY-NC,Coffea arabica,coffea,coffea_calib,research,2021-03-08,19.1,-96.9,1,1,https://www.inaturalist.org/photos/116971990
117144281,e63f5a4e-fc2e-4cd9-b2b3-ce0d12339c3e,4118644,CC-BY-NC,Coffea arabica,coffea,coffea_calib,research,2021-03-22,11.1,-74.1,0,0,https://www.inaturalist.org/photos/117144281
121152189,163fa255-5d74-412d-bd98-abc17b9f6291,2146019,CC-BY-NC,Coffea arabica,coffea,coffea_calib,casual,2021-04-16,9.0,-79.5,0,0,https://www.inaturalist.org/photos/121152189
124262085,24c09e65-0564-4353-8ba8-5f2473cc88ba,4067121,CC-BY-NC,Coffea arabica,coffea,coffea_calib,casual,2021-04-30,-0.2,-78.5,0,0,https://www.inaturalist.org/photos/124262085
124411726,b95317bd-dbde-4ff5-9b41-4b17d870bc4c,4298807,CC-BY-NC,Coffea arabica,coffea,coffea_calib,casual,,,,0,0,https://www.inaturalist.org/photos/124411726
124846416,9361c76d-6ccc-4268-9811-e2e89d08ff94,4330788,CC-BY-NC,Coffea arabica,coffea,coffea_calib,needs_id,2021-05-01,7.0,-73.1,0,0,https://www.inaturalist.org/photos/124846416
126437084,475ac2da-2ab1-41d8-b5c9-d381527f8e5f,3771499,CC-BY-NC-SA,Coffea arabica,coffea,coffea_calib,casual,2021-03-21,-0.2,-78.3,0,0,https://www.inaturalist.org/photos/126437084
135153071,84fda0da-e06e-4ab5-8e6e-6356122e5835,4024090,CC-BY-NC,Coffea arabica,coffea,coffea_calib,casual,2021-06-09,18.3,-96.8,1,1,https://www.inaturalist.org/photos/135153071
137056162,9b0b2139-59a2-4425-9deb-08d11c6ac650,4579856,CC-BY-NC,Coffea arabica,coffea,coffea_calib,research,2021-06-16,-3.6,-79.6,0,0,https://www.inaturalist.org/photos/137056162
142713938,0127f350-eb5c-49a5-b26d-a27e7a9dc6b9,77600,CC-BY-NC,Coffea arabica,coffea,coffea_calib,casual,2021-07-11,10.1,-84.1,0,0,https://www.inaturalist.org/photos/142713938
144317978,1aa2e503-67e7-40ea-9fca-ba6b56737aa9,4735409,CC-BY-NC,Coffea arabica,coffea,coffea_calib,casual,2021-07-18,56.1,9.8,0,0,https://www.inaturalist.org/photos/144317978
145068809,ff398b56-a8c4-4514-8679-8c3ef6697eaf,3785952,CC-BY-NC,Coffea arabica,coffea,coffea_calib,research,2021-07-21,-18.9,47.5,0,0,https://www.inaturalist.org/photos/145068809
146350079,2f2ba838-c4c8-44d4-82b4-85a0164d0261,1011664,CC-BY,Coffea arabica,coffea,coffea_calib,casual,2021-07-11,25.1,121.5,0,0,https://www.inaturalist.org/photos/146350079
152577162,dde2d3fc-dff3-4f3a-ae69-e46cd3785319,4445768,CC-BY-NC,Coffea arabica,coffea,coffea_calib,casual,2021-08-22,21.5,-158.0,0,0,https://www.inaturalist.org/photos/152577162
152648297,ff37f459-eabd-4c9b-b6cc-92dd35e6bf0d,3499217,CC-BY-NC,Coffea arabica,coffea,coffea_calib,research,2008-10-09,12.2,75.7,0,0,https://www.inaturalist.org/photos/152648297
153242720,f30adc92-6def-4327-994e-f840967f7cad,2040630,CC-BY-NC,Coffea arabica,coffea,coffea_calib,casual,2021-08-25,30.4,141.1,0,0,https://www.inaturalist.org/photos/153242720
154197473,4098c34b-d583-485e-8cf9-cff97c6673c9,4923501,CC-BY-NC,Coffea arabica,coffea,coffea_calib,casual,2021-08-30,19.4,-102.0,1,1,https://www.inaturalist.org/photos/154197473
161240448,4d60d414-9c07-4e46-b2d8-6833f3dbaaed,4904009,CC-BY-NC,Coffea arabica,coffea,coffea_calib,casual,2021-10-03,18.3,-66.4,0,0,https://www.inaturalist.org/photos/161240448
165093095,48979e8d-41e7-4ead-9f45-595641d801f0,5139756,CC-BY-NC,Coffea arabica,coffea,coffea_calib,research,2021-10-22,14.0,-87.0,0,0,https://www.inaturalist.org/photos/165093095
165440075,384ba17a-0df0-4e53-81ae-c86bd5a0bd98,4087063,CC-BY-NC,Coffea arabica,coffea,coffea_calib,casual,2021-10-17,20.1,-97.4,1,1,https://www.inaturalist.org/photos/165440075
166232828,48438ba1-e928-4105-9a87-e244390ab398,1993848,CC-BY-NC,Coffea arabica,coffea,coffea_calib,casual,2021-10-29,24.6,121.5,0,0,https://www.inaturalist.org/photos/166232828
169788402,8e304329-3e28-4a13-a0a6-acb4fb89b442,5188774,CC-BY-NC,Coffea arabica,coffea,coffea_calib,research,2021-11-18,-0.2,-78.4,0,0,https://www.inaturalist.org/photos/169788402
170397570,bc98aae5-174c-4d1e-bf93-982c0b921aff,3294504,CC-BY-NC,Coffea arabica,coffea,coffea_calib,casual,2021-11-26,8.8,-82.4,0,0,https://www.inaturalist.org/photos/170397570
170828608,7a113ff3-0cfd-4c25-8a4c-0bc96fafa480,177047,CC-BY-NC,Coffea arabica,coffea,coffea_calib,research,2021-11-23,19.1,-155.8,0,0,https://www.inaturalist.org/photos/170828608
172658401,a8ed996d-f3a4-4b1f-a6ed-15fd9d13fb33,4603799,CC-BY-NC,Coffea arabica,coffea,coffea_calib,casual,2021-12-17,45.4,-75.7,0,0,https://www.inaturalist.org/photos/172658401
173687543,38219c13-59ed-4e52-8862-eb02bee444c4,2594080,CC-BY-NC,Coffea arabica,coffea,coffea_calib,research,2021-12-26,22.2,-159.4,0,0,https://www.inaturalist.org/photos/173687543
174281234,491cf798-3f02-4e82-94da-60631f7412fe,1935877,CC-BY,Coffea arabica,coffea,coffea_calib,needs_id,2021-12-28,19.8,-70.8,0,0,https://www.inaturalist.org/photos/174281234
176408223,60f761d0-0876-469e-adcd-9c31b7144e35,5013174,CC-BY-SA,Coffea arabica,coffea,coffea_calib,research,2022-01-18,18.5,-71.6,0,0,https://www.inaturalist.org/photos/176408223
178747525,18e23c36-fead-4921-a3c2-24d252817cc3,4377641,CC-BY-NC,Coffea arabica,coffea,coffea_calib,casual,2022-02-08,49.3,-123.2,0,0,https://www.inaturalist.org/photos/178747525
182980143,d3a7c2ee-a58a-41f5-8c0f-b812cb78b2ff,5408575,CC-BY-NC,Coffea arabica,coffea,coffea_calib,casual,2022-03-15,25.1,121.6,0,0,https://www.inaturalist.org/photos/182980143
183673638,ac4522c3-75f4-42b1-83a5-a717da8408e2,661392,CC-BY-NC-SA,Coffea arabica,coffea,coffea_calib,research,2022-03-19,-30.3,153.0,0,0,https://www.inaturalist.org/photos/183673638
183949252,31ef2958-40d7-4732-87e9-2a37ec5b0140,3804804,CC-BY-NC,Coffea arabica,coffea,coffea_calib,casual,2022-03-18,-25.3,31.0,0,0,https://www.inaturalist.org/photos/183949252
184155162,2411de43-2808-41ef-a23a-307596738390,1054732,CC-BY,Coffea arabica,coffea,coffea_calib,casual,2022-03-20,24.9,121.6,0,0,https://www.inaturalist.org/photos/184155162
184569144,5b8e733c-881b-43e1-b532-a96860417a10,5414308,CC-BY-NC,Coffea arabica,coffea,coffea_calib,casual,2021-09-24,16.8,-92.9,1,1,https://www.inaturalist.org/photos/184569144
192646498,f8a3f466-9468-430e-9a27-6a666df93c59,5600452,CC-BY-NC,Coffea arabica,coffea,coffea_calib,casual,2022-05-01,23.6,120.6,0,0,https://www.inaturalist.org/photos/192646498
194012491,bfd7eb58-8f59-47f9-9f8f-ff2e9d083a8e,5605343,CC-BY-NC,Coffea arabica,coffea,coffea_calib,needs_id,2022-05-02,9.1,-79.5,0,0,https://www.inaturalist.org/photos/194012491
195443669,222f9261-3d3b-405b-ae44-da75207b5d90,2417174,CC-BY-NC,Coffea arabica,coffea,coffea_calib,casual,2022-05-04,24.8,-107.4,1,1,https://www.inaturalist.org/photos/195443669
195652971,54fa026f-4810-4c02-8609-c10c02a52dba,678727,CC-BY-NC,Coffea arabica,coffea,coffea_calib,research,2022-05-02,4.5,-75.7,0,0,https://www.inaturalist.org/photos/195652971
195854723,c7a90399-1255-4b3c-b1e1-d7609ba07c81,5645239,CC-BY-NC,Coffea arabica,coffea,coffea_calib,casual,2022-05-08,22.6,120.7,0,0,https://www.inaturalist.org/photos/195854723
195930335,7deefaad-e617-48eb-b48f-16ca7efa92b7,1035624,CC-BY-NC,Coffea arabica,coffea,coffea_calib,research,2022-05-07,-8.2,115.1,0,0,https://www.inaturalist.org/photos/195930335
196234009,c7675305-3cef-4016-97f9-cb6c6781b3f8,3973989,CC-BY-NC,Coffea arabica,coffea,coffea_calib,casual,2022-05-09,18.1,-67.2,0,0,https://www.inaturalist.org/photos/196234009
197660773,3dd8dd81-d8df-4623-b81a-6efdd3301c02,5661588,CC-BY-NC,Coffea arabica,coffea,coffea_calib,casual,2022-05-15,23.5,120.5,0,0,https://www.inaturalist.org/photos/197660773
199043004,f218f137-3bcd-4d2e-968e-6c13c9d63fde,5645258,CC-BY-NC,Coffea arabica,coffea,coffea_calib,casual,2022-05-20,22.6,120.6,0,0,https://www.inaturalist.org/photos/199043004
206230229,7520bbd5-56c2-4040-90f5-9a3f4d758a27,4728814,CC-BY-NC,Coffea arabica,coffea,coffea_calib,casual,2022-06-13,19.5,-98.9,1,1,https://www.inaturalist.org/photos/206230229
209247463,61e1a1ed-1ba5-43f2-8761-6277466c17b9,2225424,CC-BY-NC,Coffea arabica,coffea,coffea_calib,research,2022-06-25,10.2,-84.4,0,0,https://www.inaturalist.org/photos/209247463
216914672,0aef628d-156c-4d35-a5cd-9b174a4e25a9,1732368,CC-BY-NC,Coffea arabica,coffea,coffea_calib,needs_id,2022-07-24,8.5,-83.9,0,0,https://www.inaturalist.org/photos/216914672
218078879,289d6a0e-9f96-40d9-9eaf-973b633ea36a,444486,CC-BY,Coffea arabica,coffea,coffea_calib,research,2022-07-28,21.5,-158.2,0,0,https://www.inaturalist.org/photos/218078879
218597058,71d4e32d-7a2c-4bb4-844a-e58598a81a01,3484047,CC-BY-NC,Coffea arabica,coffea,coffea_calib,casual,2022-04-16,5.5,-75.2,0,0,https://www.inaturalist.org/photos/218597058
219537513,27413487-9892-45fd-966d-615b12a5d395,5443982,CC-BY-NC,Coffea arabica,coffea,coffea_calib,casual,2022-08-02,21.5,-158.0,0,0,https://www.inaturalist.org/photos/219537513
220061057,d481d5d9-1036-43b8-b02d-a2831de9e4bc,4128842,CC-BY-NC,Coffea arabica,coffea,coffea_calib,research,2022-08-05,-31.5,152.9,0,0,https://www.inaturalist.org/photos/220061057
225177362,569fd81e-a46b-499c-b653-f2aaf234414c,5836185,CC-BY-NC,Coffea arabica,coffea,coffea_calib,needs_id,2022-08-24,-13.5,-72.0,0,0,https://www.inaturalist.org/photos/225177362
233684433,e8f4df58-6f59-45d5-9bb3-43fb726e6d33,6203072,CC-BY-NC,Coffea arabica,coffea,coffea_calib,research,2022-07-23,6.3,-75.5,0,0,https://www.inaturalist.org/photos/233684433
233880099,e33e2df4-30f1-445e-88a2-8399f3492309,5942327,CC-BY-NC,Coffea arabica,coffea,coffea_calib,research,2022-07-17,5.9,-75.8,0,0,https://www.inaturalist.org/photos/233880099
235660456,021b3676-3261-4eb8-9021-a6c5b53d6023,6220664,CC-BY-NC,Coffea arabica,coffea,coffea_calib,research,2022-10-07,21.9,-159.6,0,0,https://www.inaturalist.org/photos/235660456
236943645,9526027c-36a9-43ae-9fe4-66a2e4c12833,6134262,CC-BY-NC,Coffea arabica,coffea,coffea_calib,casual,2022-10-12,40.8,-73.8,0,0,https://www.inaturalist.org/photos/236943645
239966972,01fd3fb8-6291-42a8-a53b-c0905ab309c8,6173530,CC-BY-NC,Coffea arabica,coffea,coffea_calib,research,2022-10-27,18.9,-96.9,1,1,https://www.inaturalist.org/photos/239966972
241209587,da8b557d-e748-405e-b303-0b46dda2afd1,5838102,CC-BY-NC,Coffea arabica,coffea,coffea_calib,casual,2022-11-02,24.4,120.8,0,0,https://www.inaturalist.org/photos/241209587
242093807,e85bf1a9-ea99-4768-962c-67afbc7e4a8f,6300710,CC-BY-NC,Coffea arabica,coffea,coffea_calib,casual,2022-11-07,23.5,120.5,0,0,https://www.inaturalist.org/photos/242093807
243232866,7cf5469d-999f-4653-9ff9-0a154c1efe6f,51394,CC-BY-NC,Coffea arabica,coffea,coffea_calib,research,2022-11-13,22.1,-159.3,0,0,https://www.inaturalist.org/photos/243232866
243264114,bb8aa67c-d34f-4b40-9dba-7a0a1348f317,6297259,CC-BY-NC,Coffea arabica,coffea,coffea_calib,casual,,-0.0,-78.3,0,0,https://www.inaturalist.org/photos/243264114
245454441,9f6d46a6-6aea-402a-aea0-7e2d9c988359,4334022,CC-BY-NC,Coffea arabica,coffea,coffea_calib,research,2022-11-27,8.6,-80.6,0,0,https://www.inaturalist.org/photos/245454441
245798717,46109e9e-12e3-49f5-8b45-797cd97b2359,6490,CC-BY-SA,Coffea arabica,coffea,coffea_calib,research,2022-11-29,12.3,75.5,0,0,https://www.inaturalist.org/photos/245798717
246991191,8c4d8529-d859-4512-a9d5-5c1f934cdeff,5750929,CC-BY-NC,Coffea arabica,coffea,coffea_calib,research,2022-12-08,11.2,-74.1,0,0,https://www.inaturalist.org/photos/246991191
248388908,530d8651-b0e8-4bd9-a915-d96311caf4db,6325045,CC-BY-NC,Coffea arabica,coffea,coffea_calib,needs_id,2022-12-02,-1.5,-78.0,0,0,https://www.inaturalist.org/photos/248388908
248994266,60069d5c-061f-4802-802b-a965e919e422,2323825,CC-BY-NC,Coffea arabica,coffea,coffea_calib,research,2022-12-21,21.0,-156.6,0,0,https://www.inaturalist.org/photos/248994266
251860034,e562c5b0-926a-4c11-b9d3-addc4aed1b71,6382405,CC-BY-NC,Coffea arabica,coffea,coffea_calib,casual,2021-07-10,20.4,-97.9,1,1,https://www.inaturalist.org/photos/251860034
252338538,46450815-3438-403a-a5b1-d8570008b103,6275282,CC-BY-NC,Coffea arabica,coffea,coffea_calib,research,2021-09-19,-0.9,-80.1,0,0,https://www.inaturalist.org/photos/252338538
252375271,99a1ea80-4341-4753-8245-290ce38ec99c,4670561,CC-BY-NC,Coffea arabica,coffea,coffea_calib,casual,2017-06-23,19.8,102.0,0,0,https://www.inaturalist.org/photos/252375271
255880613,0921e766-bf56-4875-ad52-797acd5e45da,2271748,CC-BY-NC,Coffea arabica,coffea,coffea_calib,casual,2023-02-11,5.0,-75.6,0,0,https://www.inaturalist.org/photos/255880613
257891901,7dc6f55f-ddc2-4f5c-8ed9-a92a32a81d4a,6241902,CC-BY-NC,Coffea arabica,coffea,coffea_calib,casual,2023-02-25,40.4,-79.9,0,0,https://www.inaturalist.org/photos/257891901
258973998,5a23dbe0-ab33-47e7-bd40-501e162923ac,6236617,CC-BY-NC,Coffea arabica,coffea,coffea_calib,research,2023-03-02,12.5,75.7,0,0,https://www.inaturalist.org/photos/258973998
260254249,d44b075c-ab48-43b7-9f81-a61a0902e0a0,6499892,CC-BY-NC,Coffea arabica,coffea,coffea_calib,needs_id,2023-03-06,5.3,-72.3,0,0,https://www.inaturalist.org/photos/260254249
263332667,ac275281-715a-44bf-8040-d27d76fd6afc,33088,CC-BY-NC,Coffea arabica,coffea,coffea_calib,casual,2023-03-26,19.5,-96.9,1,1,https://www.inaturalist.org/photos/263332667
263654648,8e620ed3-2124-454f-91e4-fc9057f49007,6556557,CC-BY-NC,Coffea arabica,coffea,coffea_calib,casual,2023-03-29,23.8,120.6,0,0,https://www.inaturalist.org/photos/263654648
263704548,b5ddd8d4-bf4f-4dd3-a340-e0306c052deb,205067,CC-BY,Coffea arabica,coffea,coffea_calib,research,2023-03-19,11.7,76.0,0,0,https://www.inaturalist.org/photos/263704548
271191286,0b88a986-0891-4ddf-9f87-b0ca21e9590a,6721930,CC-BY-NC,Coffea arabica,coffea,coffea_calib,casual,2023-04-26,19.3,-99.2,1,1,https://www.inaturalist.org/photos/271191286
274168101,3fb4cf11-2a56-4dd0-a534-b195bd1c5ba0,720853,CC-BY,Coffea arabica,coffea,coffea_calib,casual,2023-05-01,23.7,120.6,0,0,https://www.inaturalist.org/photos/274168101
274758004,e8050668-9c78-47bf-9323-e772d72c58b6,6539434,CC-BY-NC,Coffea arabica,coffea,coffea_calib,research,2023-04-27,-0.9,-89.5,0,0,https://www.inaturalist.org/photos/274758004
275859803,eb2da620-8c09-4beb-ad1a-c86835403f11,6536004,CC-BY-NC,Coffea arabica,coffea,coffea_calib,casual,2023-04-27,-0.9,-89.5,0,0,https://www.inaturalist.org/photos/275859803
276401639,eb2514ed-d135-44a1-baf1-3ef198e30362,3958696,CC-BY-NC,Coffea arabica,coffea,coffea_calib,research,2023-05-05,-0.3,-78.5,0,0,https://www.inaturalist.org/photos/276401639
278262374,fdd35913-9c77-4c8d-9f7d-d7ac8065dceb,4464982,CC-BY-NC,Coffea arabica,coffea,coffea_calib,research,2023-05-10,19.0,-155.7,0,0,https://www.inaturalist.org/photos/278262374
282302004,2abae948-b8aa-4b1f-9937-9502d36ecfa5,6295123,CC-BY-NC,Coffea arabica,coffea,coffea_calib,casual,2023-05-22,18.8,-97.0,1,1,https://www.inaturalist.org/photos/282302004
282831389,77870fa6-5a2b-42fb-9186-703b971af115,3427040,CC-BY-NC,Coffea arabica,coffea,coffea_calib,casual,2023-05-24,19.8,-70.7,0,0,https://www.inaturalist.org/photos/282831389
284765799,1215b100-01aa-4384-8bcd-8dab3fc30b68,303076,CC-BY-NC,Coffea arabica,coffea,coffea_calib,research,2023-05-12,10.4,-84.6,0,0,https://www.inaturalist.org/photos/284765799
287359235,33d9f8e9-6c86-45d6-bfe3-41fb75c3df18,2816616,CC-BY-SA,Coffea arabica,coffea,coffea_calib,research,2023-06-05,11.1,-74.1,0,0,https://www.inaturalist.org/photos/287359235
289423538,c2355d1d-fd09-4c34-a136-dae6a1dde4ca,6026558,CC-BY,Coffea arabica,coffea,coffea_calib,research,2023-06-12,17.0,-88.6,1,0,https://www.inaturalist.org/photos/289423538
289478082,741fbf38-cefa-404d-8f36-147382b73d94,1928743,CC-BY-NC,Coffea arabica,coffea,coffea_calib,research,2023-01-02,10.3,-84.8,0,0,https://www.inaturalist.org/photos/289478082
292582159,846f75b6-2e6f-4c16-987b-ebb69b56feed,7061932,CC-BY-NC,Coffea arabica,coffea,coffea_calib,research,2022-12-02,11.7,37.3,0,0,https://www.inaturalist.org/photos/292582159
294845306,82fcd232-748e-404f-ad4a-97fbf670a4a5,7091495,CC-BY-NC,Coffea arabica,coffea,coffea_calib,casual,2023-02-07,,,0,0,https://www.inaturalist.org/photos/294845306
295715368,d12016ae-9778-4a93-9265-79a023b909a1,2510674,CC-BY-NC,Coffea arabica,coffea,coffea_calib,casual,2023-06-24,12.5,75.7,0,0,https://www.inaturalist.org/photos/295715368
299387296,83e8676e-f614-4549-b62e-a7f5800c4398,5524927,CC-BY-NC,Coffea arabica,coffea,coffea_calib,research,2023-07-12,-27.5,153.1,0,0,https://www.inaturalist.org/photos/299387296
300956192,6e0ac03d-2af4-437e-b62b-337da6f6489a,3219097,CC-BY-NC,Coffea arabica,coffea,coffea_calib,casual,2023-07-16,41.9,-84.0,0,0,https://www.inaturalist.org/photos/300956192
301492467,0b4aab26-e0c8-4084-b079-948c130b44c9,6798530,CC-BY-NC,Coffea arabica,coffea,coffea_calib,needs_id,2023-07-18,8.8,-83.0,0,0,https://www.inaturalist.org/photos/301492467
302169468,c52aa1a1-5a2e-47d6-9db8-6a4369ce6f51,6648203,CC-BY-NC,Coffea arabica,coffea,coffea_calib,casual,2008-05-22,-0.3,-79.1,0,0,https://www.inaturalist.org/photos/302169468
302558390,383b48ea-a806-4321-a4a8-fbb2b8d6c9e4,5804781,CC-BY-NC,Coffea arabica,coffea,coffea_calib,research,2023-07-21,18.3,-65.8,0,0,https://www.inaturalist.org/photos/302558390
305292128,8e457c9f-d611-4d6f-be96-36b432f59e1f,5023792,CC-BY-NC,Coffea arabica,coffea,coffea_calib,casual,2023-07-29,26.3,100.4,0,0,https://www.inaturalist.org/photos/305292128
306102712,915e20e9-7d3d-43cd-94c6-308fadfe98cb,6625630,CC-BY-NC-SA,Coffea arabica,coffea,coffea_calib,research,2023-08-01,-19.1,-40.1,0,0,https://www.inaturalist.org/photos/306102712
313270004,c751497c-96db-47fa-9a4e-de0ec6a58d57,17521,CC-BY-NC,Coffea arabica,coffea,coffea_calib,research,2023-06-27,-13.2,-72.6,0,0,https://www.inaturalist.org/photos/313270004
314212486,43521931-3c80-43a7-9226-e7cef29a48f8,5935067,CC0,Coffea arabica,coffea,coffea_calib,casual,2023-08-27,-8.4,115.1,0,0,https://www.inaturalist.org/photos/314212486
314689697,b7a0b71e-b5bb-4fbe-b52d-e4d3bf51d73e,4371214,CC-BY-NC,Coffea arabica,coffea,coffea_calib,research,2023-08-25,11.1,-74.1,0,0,https://www.inaturalist.org/photos/314689697
317190273,1f67c3de-5b87-4751-899e-e95b59a8f29c,2702941,CC-BY,Coffea arabica,coffea,coffea_calib,research,2023-09-02,-21.7,-43.4,0,0,https://www.inaturalist.org/photos/317190273
319749252,a1bebb9a-7020-44e1-a170-a8e9536a7ce1,1642330,CC-BY-NC,Coffea arabica,coffea,coffea_calib,needs_id,2023-09-13,-21.6,165.9,0,0,https://www.inaturalist.org/photos/319749252
328674330,b2adf5e6-eb6b-4987-afb1-7a6c4a516e06,1078106,CC-BY-NC,Coffea arabica,coffea,coffea_calib,research,2022-07-23,12.2,75.7,0,0,https://www.inaturalist.org/photos/328674330
333630146,bab68dae-a5d5-4022-9be0-623826ce4abf,4350079,CC-BY-NC,Coffea arabica,coffea,coffea_calib,casual,2023-11-02,47.0,6.9,0,0,https://www.inaturalist.org/photos/333630146
337655624,305e6b85-640f-4357-ba20-4adcc8b08933,7417905,CC-BY-NC,Coffea arabica,coffea,coffea_calib,casual,2023-11-09,21.5,-99.0,1,1,https://www.inaturalist.org/photos/337655624
338722807,756de66c-bbe9-4d18-be34-0c2a1720a459,7417848,CC-BY-NC,Coffea arabica,coffea,coffea_calib,casual,2023-11-09,21.5,-99.0,1,1,https://www.inaturalist.org/photos/338722807
339001143,f68b0811-30ba-4ee0-9255-829beef63a48,3283415,CC-BY-NC,Coffea arabica,coffea,coffea_calib,research,2023-12-02,4.4,-75.7,0,0,https://www.inaturalist.org/photos/339001143
340355738,61a11be2-8978-44d3-b6df-7b46cd022183,7660228,CC-BY-NC,Coffea arabica,coffea,coffea_calib,needs_id,2023-12-08,9.0,-79.7,0,0,https://www.inaturalist.org/photos/340355738
341476168,b4f34b17-fe5f-46c3-b9ae-d01e39bd8106,11590,CC-BY-NC-ND,Coffea arabica,coffea,coffea_calib,research,2018-11-21,10.1,77.1,0,0,https://www.inaturalist.org/photos/341476168
342719908,9f6f177b-54f9-4b05-ab02-47137aed7269,5377438,CC-BY-NC,Coffea arabica,coffea,coffea_calib,research,2023-12-26,14.4,101.4,0,0,https://www.inaturalist.org/photos/342719908
343637451,87926fb2-d920-44d7-8fb8-1873f13fdac3,7701387,CC-BY,Coffea arabica,coffea,coffea_calib,research,2023-11-09,8.5,77.2,0,0,https://www.inaturalist.org/photos/343637451
344935206,d491c4e4-df1d-4c67-822a-d28f3ed2efe8,1068507,CC-BY,Coffea arabica,coffea,coffea_calib,research,2024-01-06,-13.1,-72.6,0,0,https://www.inaturalist.org/photos/344935206
344953656,67acb96d-9626-4fb4-9499-c4bc9531c26e,4355694,CC-BY-NC,Coffea arabica,coffea,coffea_calib,research,2024-01-07,18.5,98.5,0,0,https://www.inaturalist.org/photos/344953656
348619121,de19b382-e5cc-4d09-b525-170c538f0ad8,7267237,CC-BY-NC,Coffea arabica,coffea,coffea_calib,casual,2024-01-29,10.7,122.9,0,0,https://www.inaturalist.org/photos/348619121
349208185,69df7f5d-fae6-40d9-a104-1aac0468b846,7131600,CC-BY-NC,Coffea arabica,coffea,coffea_calib,research,2024-01-27,20.8,-156.0,0,0,https://www.inaturalist.org/photos/349208185
349618854,8bc8ed5e-0b0d-4059-b081-56bbee14c70c,7597664,CC-BY-NC,Coffea arabica,coffea,coffea_calib,research,2024-02-04,22.5,114.3,0,0,https://www.inaturalist.org/photos/349618854
351136855,b778bfff-1ac1-4aa2-92bd-760b841fa1af,1267074,CC-BY-NC,Coffea arabica,coffea,coffea_calib,casual,2024-02-11,18.2,-66.6,0,0,https://www.inaturalist.org/photos/351136855
351793684,7e4bda3d-3670-4aad-93b7-b635cf924346,7345534,CC-BY-NC,Coffea arabica,coffea,coffea_calib,research,2024-02-16,-13.3,-72.6,0,0,https://www.inaturalist.org/photos/351793684
354888997,483b0a18-9fdf-43c6-bfd2-33ac77e6d863,7820537,CC-BY-NC,Coffea arabica,coffea,coffea_calib,research,2024-01-26,6.0,80.7,0,0,https://www.inaturalist.org/photos/354888997
355802558,00d4a0d6-9654-4b4b-9a82-c0820d0c7da8,1418277,CC-BY,Coffea arabica,coffea,coffea_calib,casual,2024-02-24,9.5,-84.0,0,0,https://www.inaturalist.org/photos/355802558
359214788,80dbd763-65c0-49a5-9334-eb163da014fa,7775944,CC-BY-NC,Coffea arabica,coffea,coffea_calib,casual,2024-03-21,25.0,121.5,0,0,https://www.inaturalist.org/photos/359214788
359524018,4d7e52b4-1a15-4d7d-8acc-bc6ab91cb9b1,5750264,CC-BY-NC,Coffea arabica,coffea,coffea_calib,research,2024-03-22,10.5,-84.7,0,0,https://www.inaturalist.org/photos/359524018
362051975,67a7734e-2d3b-4863-8340-64cd0fa12549,7920738,CC-BY-NC,Coffea arabica,coffea,coffea_calib,casual,2024-03-31,26.4,-80.1,0,0,https://www.inaturalist.org/photos/362051975
364846650,fd70c321-e4ed-431d-83c1-77caa79b3a56,7956040,CC-BY-NC,Coffea arabica,coffea,coffea_calib,research,2024-02-03,5.9,-75.7,0,0,https://www.inaturalist.org/photos/364846650
367136520,8831240d-255a-4ab5-a2b6-ed130ffc10ab,896486,CC-BY-NC,Coffea arabica,coffea,coffea_calib,research,2024-04-16,-8.3,115.1,0,0,https://www.inaturalist.org/photos/367136520
371286611,6db622eb-94cc-4f98-b3a6-a64cc4d69e80,4140797,CC-BY-NC,Coffea arabica,coffea,coffea_calib,research,2024-04-26,-23.5,-46.5,0,0,https://www.inaturalist.org/photos/371286611
371540405,e59cd1ed-4819-43c1-a543-46672b5ac342,3369878,CC-BY-NC,Coffea arabica,coffea,coffea_calib,casual,2024-04-27,,,0,0,https://www.inaturalist.org/photos/371540405
373630447,d6edb40a-84de-4651-8a58-c21e1fb11219,5865026,CC-BY-NC,Coffea arabica,coffea,coffea_calib,research,2024-04-25,-0.9,-89.5,0,0,https://www.inaturalist.org/photos/373630447
376239924,75eae4a5-1ad6-486e-b33e-ebbaa31acf3d,723867,CC-BY-NC,Coffea arabica,coffea,coffea_calib,research,2024-04-26,10.9,-74.1,0,0,https://www.inaturalist.org/photos/376239924
377391037,509eb51e-6a20-4cc7-b75f-fb422eae4c8f,8103751,CC-BY-NC,Coffea arabica,coffea,coffea_calib,research,2024-05-04,-4.0,-79.2,0,0,https://www.inaturalist.org/photos/377391037
377420370,1b68b12e-410e-495a-b48c-cf77a9551cad,8104781,CC-BY-NC,Coffea arabica,coffea,coffea_calib,casual,,,,0,0,https://www.inaturalist.org/photos/377420370
379610727,dbdca454-4092-45c4-8e4f-e1afb628351b,3747753,CC-BY-NC,Coffea arabica,coffea,coffea_calib,casual,2024-05-10,25.2,121.5,0,0,https://www.inaturalist.org/photos/379610727
380865541,f5903b9b-aae1-462a-82a5-fa3c5569ca3f,7349674,CC-BY-NC,Coffea arabica,coffea,coffea_calib,casual,2023-09-11,24.9,121.2,0,0,https://www.inaturalist.org/photos/380865541
394096894,6ceb0ba0-c772-426b-aa67-20fb0f59ee29,5375626,CC-BY-NC,Coffea arabica,coffea,coffea_calib,casual,2024-06-12,,,0,0,https://www.inaturalist.org/photos/394096894
394662039,8cf5a440-c3c4-4701-9b55-c7fd6c2d2529,7985723,CC-BY-NC,Coffea arabica,coffea,coffea_calib,casual,2024-06-15,24.8,121.4,0,0,https://www.inaturalist.org/photos/394662039
399374158,803402bf-c5be-47d6-a770-2b90325d02cd,771577,CC-BY-NC,Coffea arabica,coffea,coffea_calib,casual,2024-06-26,-7.6,110.4,0,0,https://www.inaturalist.org/photos/399374158
409537586,34f22b0f-41a5-4b63-9fad-3e4a4d92b2e3,7479850,CC-BY-NC,Coffea arabica,coffea,coffea_calib,research,2024-07-15,15.5,-91.7,1,0,https://www.inaturalist.org/photos/409537586
410637391,42cba641-2c0f-4fad-a121-389ffcd14f17,5889185,CC-BY-NC,Coffea arabica,coffea,coffea_calib,casual,2024-07-23,,,0,0,https://www.inaturalist.org/photos/410637391
411659685,5cc2d615-52fe-4009-9a1a-c47c779bd5a1,7853583,CC-BY-NC,Coffea arabica,coffea,coffea_calib,research,2024-07-26,-27.2,152.8,0,0,https://www.inaturalist.org/photos/411659685
422439033,a4fcc062-9b40-4c54-b063-e2d8137c460e,7184137,CC-BY-NC,Coffea arabica,coffea,coffea_calib,research,2024-08-22,11.1,-74.1,0,0,https://www.inaturalist.org/photos/422439033
428130972,d4472c58-d7a2-4f24-84a0-e89f7556adf9,8361212,CC-BY-NC,Coffea arabica,coffea,coffea_calib,research,2024-09-07,-23.6,-46.7,0,0,https://www.inaturalist.org/photos/428130972
433631898,89c139ff-1d20-456f-a38a-76cfbb5385ba,6094106,CC-BY-NC,Coffea arabica,coffea,coffea_calib,research,2024-09-21,2.4,-75.5,0,0,https://www.inaturalist.org/photos/433631898
435558764,5423518c-c188-4e06-a561-ab0e88ade55f,3461565,CC-BY-NC,Coffea arabica,coffea,coffea_calib,casual,2024-09-25,20.0,-97.3,1,1,https://www.inaturalist.org/photos/435558764
438983038,b340da8b-7975-4ee6-ab17-33e16c380f6b,8621207,CC-BY-NC,Coffea arabica,coffea,coffea_calib,casual,,8.8,-82.4,0,0,https://www.inaturalist.org/photos/438983038
439266960,12052499-f889-448f-bd62-e152429147fd,5180567,CC-BY,Coffea arabica,coffea,coffea_calib,research,2024-10-06,21.3,-157.8,0,0,https://www.inaturalist.org/photos/439266960
440083925,0785cceb-67b5-41f9-a25c-8b62bafa20b6,530659,CC-BY-NC,Coffea arabica,coffea,coffea_calib,research,2024-10-07,0.1,-78.6,0,0,https://www.inaturalist.org/photos/440083925
441037257,af75c9d5-9a5e-4e49-9b7e-c6e54764ecf9,963417,CC0,Coffea arabica,coffea,coffea_calib,casual,2007-08-06,21.9,-159.6,0,0,https://www.inaturalist.org/photos/441037257
446934029,ebbfd258-0a19-4df8-ad6b-3d2dce1b398a,6001178,CC-BY-NC,Coffea arabica,coffea,coffea_calib,casual,2024-10-25,-22.1,166.5,0,0,https://www.inaturalist.org/photos/446934029
449109986,dc692dd9-c89d-492c-9018-d9336a2060d1,1545095,CC-BY-NC,Coffea arabica,coffea,coffea_calib,research,2024-10-17,-7.6,-72.7,0,0,https://www.inaturalist.org/photos/449109986
449700649,a2d84737-0ef8-49c6-a299-3ee9be3be397,4368867,CC-BY-NC-ND,Coffea arabica,coffea,coffea_calib,research,2024-11-11,-2.9,-79.0,0,0,https://www.inaturalist.org/photos/449700649
451496201,face36c0-b4f3-46ed-87a3-acff36edd189,7348684,CC-BY-NC,Coffea arabica,coffea,coffea_calib,casual,2024-11-19,24.1,120.8,0,0,https://www.inaturalist.org/photos/451496201
452552111,0ebe835f-6591-42dc-88c1-e4397e6dcee3,7289570,CC-BY-NC,Coffea arabica,coffea,coffea_calib,research,2024-11-23,7.9,-81.3,0,0,https://www.inaturalist.org/photos/452552111
453106131,af7c9698-7aba-4885-82d9-a24a34d69120,8795944,CC-BY-NC,Coffea arabica,coffea,coffea_calib,research,2024-11-25,0.4,-78.2,0,0,https://www.inaturalist.org/photos/453106131
453508164,ce0b5ee2-687f-4bab-8560-0928b42a590d,1262660,CC-BY-NC,Coffea arabica,coffea,coffea_calib,casual,2024-08-19,43.0,-76.1,0,0,https://www.inaturalist.org/photos/453508164
454530474,6486fabc-1bf4-432b-827c-1113c90f5b7b,8731329,CC-BY-NC,Coffea arabica,coffea,coffea_calib,research,2024-11-28,-0.9,-89.6,0,0,https://www.inaturalist.org/photos/454530474
455253556,f518a1b4-7858-494d-83e5-0eab03895343,6553285,CC-BY-NC,Coffea arabica,coffea,coffea_calib,research,2024-12-05,3.2,101.6,0,0,https://www.inaturalist.org/photos/455253556
456670360,74148bc2-f989-43cd-9ef2-3195e64a810c,8311877,CC-BY-NC,Coffea arabica,coffea,coffea_calib,needs_id,2024-12-11,7.8,-76.7,0,0,https://www.inaturalist.org/photos/456670360
456884301,849ea2ae-920e-4897-85a5-4c38e5a07b4a,7348606,CC-BY-NC,Coffea arabica,coffea,coffea_calib,casual,2024-12-13,14.6,-90.5,1,0,https://www.inaturalist.org/photos/456884301
457834161,37eb2ae5-cc46-44f5-9a1e-6ef52439a6ef,6593208,CC-BY-NC,Coffea arabica,coffea,coffea_calib,casual,2024-12-18,23.2,120.6,0,0,https://www.inaturalist.org/photos/457834161
461954692,d3b23f79-247f-4e3c-9d1f-1f69df52f965,8663472,CC-BY-NC,Coffea arabica,coffea,coffea_calib,casual,2024-12-30,18.9,-96.9,1,1,https://www.inaturalist.org/photos/461954692
463782290,25c13f3c-352b-4f55-8a74-3b447049e79b,6551078,CC-BY-NC,Coffea arabica,coffea,coffea_calib,research,2025-01-12,14.6,-90.7,1,0,https://www.inaturalist.org/photos/463782290
464222430,859c0e80-1ec9-495d-823e-571d0dd88e45,8848860,CC-BY-NC,Coffea arabica,coffea,coffea_calib,casual,2024-11-18,-2.2,-79.9,0,0,https://www.inaturalist.org/photos/464222430
464240374,205fb33b-06cd-4f8a-98e7-ba5ae98508a8,8394137,CC-BY-NC,Coffea arabica,coffea,coffea_calib,casual,2024-12-26,17.3,-93.1,1,1,https://www.inaturalist.org/photos/464240374
466443691,3e57703f-d67e-4dc3-81ea-5aedc8b3b4d1,8905812,CC-BY-NC,Coffea arabica,coffea,coffea_calib,casual,2025-01-27,48.7,-123.6,0,0,https://www.inaturalist.org/photos/466443691
471146512,2b42b9e1-3863-4bde-9ddf-455b801d70bf,2822586,CC-BY-NC,Coffea arabica,coffea,coffea_calib,needs_id,2025-02-19,18.8,98.9,0,0,https://www.inaturalist.org/photos/471146512
472948093,0b68bda8-de70-4650-bf43-adade119bb84,1285157,CC-BY-NC,Coffea arabica,coffea,coffea_calib,research,2024-11-17,16.9,-93.3,1,1,https://www.inaturalist.org/photos/472948093
474795452,0f6b292c-41f3-4df6-9650-69c56b2f717d,1837948,CC-BY-NC,Coffea arabica,coffea,coffea_calib,casual,2025-03-07,26.2,-80.2,0,0,https://www.inaturalist.org/photos/474795452
476491417,b17c3f88-1150-4dd2-ad84-5f46c0387cb7,7439232,CC-BY-NC-ND,Coffea arabica,coffea,coffea_calib,research,2025-03-14,17.0,-96.7,1,1,https://www.inaturalist.org/photos/476491417
477635696,5c26de53-4597-4370-b196-d8d81f3190f8,2687171,CC-BY-NC,Coffea arabica,coffea,coffea_calib,research,2025-03-18,19.5,-155.9,0,0,https://www.inaturalist.org/photos/477635696
477791780,c5675d4b-bcf0-400c-98df-36771af1209a,508073,CC-BY-NC-SA,Coffea arabica,coffea,coffea_calib,casual,2025-03-13,28.4,-16.5,0,0,https://www.inaturalist.org/photos/477791780
477914574,6dd69224-6bc1-4331-a59a-c060e95a708a,1936091,CC-BY-NC,Coffea arabica,coffea,coffea_calib,casual,2025-03-19,49.9,-97.2,0,0,https://www.inaturalist.org/photos/477914574
484126522,2dd6d6bb-30e0-4f4b-91be-4d56073e7d58,715952,CC-BY,Coffea arabica,coffea,coffea_calib,research,2025-04-08,-31.0,30.3,0,0,https://www.inaturalist.org/photos/484126522
484802835,b19d4124-5d06-4630-a8de-ce52b0fd5532,5897690,CC-BY-NC,Coffea arabica,coffea,coffea_calib,casual,2025-04-10,22.7,120.4,0,0,https://www.inaturalist.org/photos/484802835
485590680,5297d0f2-d40b-4c3e-9c0c-2e6d5be49145,9085369,CC-BY-NC,Coffea arabica,coffea,coffea_calib,research,2025-04-12,18.4,-66.0,0,0,https://www.inaturalist.org/photos/485590680
491907451,7bdcca2d-ad43-4f44-9a70-1d96b686871e,9204837,CC-BY-NC,Coffea arabica,coffea,coffea_calib,research,2025-04-26,-6.9,107.8,0,0,https://www.inaturalist.org/photos/491907451
492473037,399791c4-cecf-4ce7-93a1-0822148fb1e7,9137164,CC-BY-NC,Coffea arabica,coffea,coffea_calib,casual,2025-04-26,-23.6,-46.6,0,0,https://www.inaturalist.org/photos/492473037
492621164,1d7f88d0-1022-4229-bf71-63828b452d4b,5861735,CC-BY-NC,Coffea arabica,coffea,coffea_calib,casual,2025-04-26,19.7,-156.0,0,0,https://www.inaturalist.org/photos/492621164
492631569,542a98be-2d7a-45ba-97a5-d10fef277911,9188597,CC-BY-NC,Coffea arabica,coffea,coffea_calib,casual,2025-04-26,6.4,-76.0,0,0,https://www.inaturalist.org/photos/492631569
493954665,c59a9f81-9c81-4744-aee0-f3b76433f8a7,9210319,CC-BY-NC,Coffea arabica,coffea,coffea_calib,research,2025-04-27,-23.5,-46.7,0,0,https://www.inaturalist.org/photos/493954665
493980137,1f3e560e-a832-48b6-b054-4afe01e5b644,1432070,CC-BY-NC,Coffea arabica,coffea,coffea_calib,research,2025-04-27,-0.3,-78.5,0,0,https://www.inaturalist.org/photos/493980137
494264644,60137ba6-9792-4cf4-ad47-bd4903339ddc,1718033,CC-BY,Coffea arabica,coffea,coffea_calib,casual,2024-11-28,32.2,34.9,0,0,https://www.inaturalist.org/photos/494264644
494485437,5e9bb2f4-5821-4a43-8ee8-7945187420f6,8373668,CC-BY-NC,Coffea arabica,coffea,coffea_calib,research,2025-04-25,-27.1,-48.9,0,0,https://www.inaturalist.org/photos/494485437
494598658,08d29170-dd16-47fd-9a55-644f5aaca840,9158079,CC-BY-NC,Coffea arabica,coffea,coffea_calib,casual,2025-04-27,-15.9,-46.1,0,0,https://www.inaturalist.org/photos/494598658
495037261,7f632572-74dc-4fe3-b154-f92dc878e2e7,9193142,CC-BY-NC,Coffea arabica,coffea,coffea_calib,research,2025-04-28,6.9,126.2,0,0,https://www.inaturalist.org/photos/495037261
496397411,dd529222-80e9-467f-b3de-0802ef65b027,7704092,CC-BY-NC,Coffea arabica,coffea,coffea_calib,research,2025-04-28,21.3,-157.8,0,0,https://www.inaturalist.org/photos/496397411
499307560,2b16d4aa-101b-47a5-9a42-6df7fa30e1df,9168662,CC-BY-NC,Coffea arabica,coffea,coffea_calib,research,2025-04-28,-23.6,-46.7,0,0,https://www.inaturalist.org/photos/499307560
500161743,72cf38a5-f8eb-4e63-a33f-ddca27bad424,4284534,CC-BY-NC,Coffea arabica,coffea,coffea_calib,casual,2025-05-03,21.9,-159.6,0,0,https://www.inaturalist.org/photos/500161743
500812132,0464fb97-0ea1-4f93-ae61-c8967e779901,9269388,CC-BY-NC,Coffea arabica,coffea,coffea_calib,research,2025-05-06,-28.7,153.4,0,0,https://www.inaturalist.org/photos/500812132
503633866,e8ffb859-cadc-4eec-b1ac-53407770044e,8891613,CC-BY-NC,Coffea arabica,coffea,coffea_calib,research,2025-04-29,0.0,-78.7,0,0,https://www.inaturalist.org/photos/503633866
504962119,8c468a8c-e306-4ff5-b793-1feef42cbefc,3572745,CC-BY-NC,Coffea arabica,coffea,coffea_calib,research,2025-05-14,10.4,-84.6,0,0,https://www.inaturalist.org/photos/504962119
508259943,b150cfb1-afe7-4988-99e1-36d3ede4e444,9317336,CC-BY-NC,Coffea arabica,coffea,coffea_calib,research,2022-08-13,16.4,99.0,0,0,https://www.inaturalist.org/photos/508259943
509414570,45a1eb3d-5f67-44d4-8789-53d97c0dbdee,583610,CC-BY-NC,Coffea arabica,coffea,coffea_calib,casual,2025-05-23,19.6,-156.0,0,0,https://www.inaturalist.org/photos/509414570
517844651,7ce54aa7-52d6-487c-a792-0a4f4df7a60d,9200731,CC-BY-NC,Coffea arabica,coffea,coffea_calib,research,2025-06-05,-12.0,-74.9,0,0,https://www.inaturalist.org/photos/517844651
519984320,e7d416d3-0f6c-4c95-8088-25a630b40845,9315081,CC-BY-NC,Coffea arabica,coffea,coffea_calib,research,2025-06-12,-3.2,-79.2,0,0,https://www.inaturalist.org/photos/519984320
522766973,abadbb60-ae73-4a5c-9317-83de8d8af3d9,57516,CC-BY,Coffea arabica,coffea,coffea_calib,research,2025-06-15,-21.2,-159.8,0,0,https://www.inaturalist.org/photos/522766973
523962568,88c9f7f0-e4cf-49d9-8196-4d52047ae462,9456213,CC-BY-NC,Coffea arabica,coffea,coffea_calib,casual,2025-06-20,4.7,-74.1,0,0,https://www.inaturalist.org/photos/523962568
526606615,f9a0005b-3aed-4602-ae19-9784a64cb847,9461358,CC-BY-NC,Coffea arabica,coffea,coffea_calib,casual,2025-06-22,25.0,121.7,0,0,https://www.inaturalist.org/photos/526606615
529502510,5cb1964a-5b78-4360-9b75-935a932c9b66,9488540,CC-BY-NC,Coffea arabica,coffea,coffea_calib,research,2025-06-05,10.4,-84.7,0,0,https://www.inaturalist.org/photos/529502510
531079728,fb3580b7-d1e6-4964-83bc-9ef2709d20de,9453740,CC-BY-NC,Coffea arabica,coffea,coffea_calib,casual,2025-07-03,-3.5,-79.9,0,0,https://www.inaturalist.org/photos/531079728
531461131,4edf897c-acac-413f-b8c1-b3c79272a453,2914550,CC-BY-NC,Coffea arabica,coffea,coffea_calib,research,2025-07-04,11.1,-74.1,0,0,https://www.inaturalist.org/photos/531461131
534009040,3979e80d-2ead-4dd9-beb9-4c701fdff9fc,9488222,CC-BY-NC,Coffea arabica,coffea,coffea_calib,casual,2025-07-09,-3.3,-79.9,0,0,https://www.inaturalist.org/photos/534009040
535202655,defdcb57-6393-43a4-a211-a9a0f000f6e8,7188574,CC-BY-NC,Coffea arabica,coffea,coffea_calib,casual,2025-07-07,16.9,-93.1,1,1,https://www.inaturalist.org/photos/535202655
536485792,3f4e7ce1-08e8-45b2-af5d-51600abdcec7,4734349,CC-BY-NC,Coffea arabica,coffea,coffea_calib,research,2025-07-12,-13.2,-72.5,0,0,https://www.inaturalist.org/photos/536485792
538280074,f1c6cac8-a969-4c02-8f13-21dab6f7a539,9539056,CC-BY-NC,Coffea arabica,coffea,coffea_calib,casual,2025-07-09,9.8,-84.2,0,0,https://www.inaturalist.org/photos/538280074
538711897,16b8515c-5b05-4758-a069-cdadc69aabf5,9548309,CC-BY-NC,Coffea arabica,coffea,coffea_calib,casual,2025-07-18,18.6,-99.6,1,1,https://www.inaturalist.org/photos/538711897
541353500,db46703d-8224-4417-ba97-140dadc0a61a,9487857,CC-BY-NC,Coffea arabica,coffea,coffea_calib,research,2025-07-23,9.6,-69.3,0,0,https://www.inaturalist.org/photos/541353500
542070451,5b23a1e8-fda4-428c-b2ec-25cbb44002b8,1171488,CC-BY-NC,Coffea arabica,coffea,coffea_calib,research,2025-07-24,15.1,-92.2,1,1,https://www.inaturalist.org/photos/542070451
552763336,7f9143dd-06b2-43ed-939d-4127ee2ac936,176545,CC-BY-NC,Coffea arabica,coffea,coffea_calib,casual,2025-08-14,18.9,-97.0,1,1,https://www.inaturalist.org/photos/552763336
556677020,0d9bdf32-43e0-4357-bf8f-8d7b8c11842b,8464907,CC-BY-NC,Coffea arabica,coffea,coffea_calib,research,2025-08-23,-0.7,-90.3,0,0,https://www.inaturalist.org/photos/556677020
562529252,e1b881c2-d34a-46d7-b1e3-3c4f20e7d774,2775436,CC-BY-NC,Coffea arabica,coffea,coffea_calib,research,2025-09-04,11.7,76.2,0,0,https://www.inaturalist.org/photos/562529252
564849263,e96f92be-40a8-43b7-a4b1-4bf36df14c44,920953,CC-BY-NC,Coffea arabica,coffea,coffea_calib,research,2025-09-10,-7.6,110.4,0,0,https://www.inaturalist.org/photos/564849263
565119707,7c5ee14b-7cdd-46ee-8289-e69a84607ebf,2445036,CC-BY-NC,Coffea arabica,coffea,coffea_calib,research,2011-01-08,-13.2,-72.6,0,0,https://www.inaturalist.org/photos/565119707
567764812,50be07a9-d455-4838-a14a-73cc20988dd2,9067594,CC-BY-NC,Coffea arabica,coffea,coffea_calib,research,2017-10-20,7.7,36.8,0,0,https://www.inaturalist.org/photos/567764812
567801656,cf074ece-87ae-4ab9-adf1-b480908b1e84,135656,CC-BY-NC,Coffea arabica,coffea,coffea_calib,casual,2025-09-14,13.4,75.7,0,0,https://www.inaturalist.org/photos/567801656
569732679,42f955de-5af9-4542-a04b-38b18e7f5620,1075689,CC-BY-NC,Coffea arabica,coffea,coffea_calib,casual,2025-09-21,24.7,121.8,0,0,https://www.inaturalist.org/photos/569732679
570770860,85df2488-c427-4f20-a213-daca9f99278a,9773142,CC-BY-NC,Coffea arabica,coffea,coffea_calib,research,2025-09-21,19.0,-99.1,1,1,https://www.inaturalist.org/photos/570770860
570874756,5bfe75f3-1a37-4afc-87f7-399a4f1c1d12,4122452,CC-BY-NC,Coffea arabica,coffea,coffea_calib,research,2025-09-16,-27.5,153.0,0,0,https://www.inaturalist.org/photos/570874756
571394784,58f0977e-9de0-40ab-95ee-cd8fbe4348bd,9722568,CC-BY-NC,Coffea arabica,coffea,coffea_calib,research,2025-09-02,12.4,75.7,0,0,https://www.inaturalist.org/photos/571394784
572449736,ad02bd63-f0db-4ce6-a05d-05f2f1c13422,2220898,CC-BY-NC,Coffea arabica,coffea,coffea_calib,research,2025-09-17,-0.5,-76.3,0,0,https://www.inaturalist.org/photos/572449736
573604489,7a3bbead-22bc-4251-af10-ca20fe5ba960,2493157,CC-BY,Coffea arabica,coffea,coffea_calib,research,2025-09-26,4.5,-73.9,0,0,https://www.inaturalist.org/photos/573604489
573967942,0bd3ffa2-0e46-4407-af95-cdb4818e2aac,9649080,CC-BY-NC,Coffea arabica,coffea,coffea_calib,research,2009-05-10,9.5,-83.7,0,0,https://www.inaturalist.org/photos/573967942
575668133,5e4917c4-7abb-46f0-82db-9f08e7b64551,9751680,CC-BY-NC,Coffea arabica,coffea,coffea_calib,casual,2025-10-03,-4.2,-79.3,0,0,https://www.inaturalist.org/photos/575668133
575705392,3bee741d-5b02-4fcc-b8c8-f40214c508e1,9770737,CC-BY-NC,Coffea arabica,coffea,coffea_calib,research,2025-10-04,-6.8,107.6,0,0,https://www.inaturalist.org/photos/575705392
576221580,d68266bf-0fcc-4a54-8e7d-3c442e0a4ce8,6693400,CC-BY-NC,Coffea arabica,coffea,coffea_calib,casual,2025-10-04,26.1,-80.2,0,0,https://www.inaturalist.org/photos/576221580
578705347,9c41a5b1-5f11-486a-8e60-a8c771f18c71,9014851,CC-BY-NC,Coffea arabica,coffea,coffea_calib,casual,2025-10-08,34.1,-117.8,0,0,https://www.inaturalist.org/photos/578705347
580120002,80106bc9-c67b-4bce-96fb-e325082fca97,3151399,CC-BY-NC,Coffea arabica,coffea,coffea_calib,research,2025-10-14,-20.4,57.4,0,0,https://www.inaturalist.org/photos/580120002
582918188,493f4b66-eaff-4ef9-8577-9cd6e6c62a23,9651837,CC-BY-NC,Coffea arabica,coffea,coffea_calib,casual,2024-02-12,19.4,-103.7,1,1,https://www.inaturalist.org/photos/582918188
584281911,16a5cfb4-0c10-4ed5-b86d-8ef8550090d4,9906990,CC-BY-NC,Coffea arabica,coffea,coffea_calib,research,2025-06-20,22.7,101.0,0,0,https://www.inaturalist.org/photos/584281911
586629412,003ecf48-313e-469a-9a05-d2ecbe7ab52c,9903497,CC-BY-NC,Coffea arabica,coffea,coffea_calib,research,2025-10-31,-8.4,115.2,0,0,https://www.inaturalist.org/photos/586629412
587888571,f0e3cbb8-4b91-4334-a3fc-20b7674efdbd,4639479,CC-BY-NC,Coffea arabica,coffea,coffea_calib,research,2025-11-03,9.7,-84.0,0,0,https://www.inaturalist.org/photos/587888571
593754838,639e9d85-e559-4fa5-a75f-96368222c38c,9549109,CC-BY-NC,Coffea arabica,coffea,coffea_calib,research,2025-09-08,-8.4,115.2,0,0,https://www.inaturalist.org/photos/593754838
594371538,d00dbf79-f15a-45d9-baf4-e8e856e46e45,5862949,CC-BY-NC,Coffea arabica,coffea,coffea_calib,research,2025-11-08,-8.3,116.4,0,0,https://www.inaturalist.org/photos/594371538
595507719,6716b4d2-ca3f-4548-b887-fb3c1f5996fb,842985,CC-BY-NC,Coffea arabica,coffea,coffea_calib,research,2025-11-27,-3.5,-79.3,0,0,https://www.inaturalist.org/photos/595507719
596845935,a8311594-c325-46cd-9e8c-95c99dc6f304,1499907,CC-BY-NC,Coffea arabica,coffea,coffea_calib,casual,2025-01-26,10.1,-84.2,0,0,https://www.inaturalist.org/photos/596845935
597491775,b326c452-4af5-4c77-9b74-b95f750cb2e4,9844375,CC-BY-NC,Coffea arabica,coffea,coffea_calib,research,2025-12-05,11.9,108.5,0,0,https://www.inaturalist.org/photos/597491775
598230265,520afd41-f8c5-4a82-a4a8-6e35c7141421,9069573,CC-BY-NC,Coffea arabica,coffea,coffea_calib,casual,2025-12-08,25.0,121.5,0,0,https://www.inaturalist.org/photos/598230265
598352476,23a0dd8c-09d7-4fee-9df6-58fc63f62ee5,9398986,CC-BY-NC,Coffea arabica,coffea,coffea_calib,research,2025-12-04,-13.2,-72.6,0,0,https://www.inaturalist.org/photos/598352476
599202713,b8c60d7e-b5f1-46ab-b7e2-34a847cf96a0,6782812,CC-BY,Coffea arabica,coffea,coffea_calib,research,2025-11-15,11.6,76.1,0,0,https://www.inaturalist.org/photos/599202713
599777724,e315088f-e4f9-4a9a-96f9-08d0c6aec77f,1437585,CC-BY-NC-SA,Coffea arabica,coffea,coffea_calib,research,2025-12-12,-0.8,-77.5,0,0,https://www.inaturalist.org/photos/599777724
600136283,f47a3c9b-bb31-48e5-ab3b-e68596011a10,9979668,CC-BY-NC,Coffea arabica,coffea,coffea_calib,casual,2025-12-14,21.5,-99.0,1,1,https://www.inaturalist.org/photos/600136283
600674291,8d3f3e98-9f04-4144-97a1-e5803c62a8bd,8222875,CC-BY-NC,Coffea arabica,coffea,coffea_calib,casual,,13.3,75.8,0,0,https://www.inaturalist.org/photos/600674291
600706112,c334ba90-cee9-407a-a14a-1f1c74044f6e,9711412,CC-BY-NC,Coffea arabica,coffea,coffea_calib,research,2025-12-18,16.4,120.6,0,0,https://www.inaturalist.org/photos/600706112
601158609,a0eb3607-91e7-4a6a-b726-572b4f42658c,9175070,CC-BY-NC,Coffea arabica,coffea,coffea_calib,casual,2025-12-20,25.1,121.6,0,0,https://www.inaturalist.org/photos/601158609
601829836,9400aa69-669b-4cfd-b3ed-700c9ece84a7,423233,CC-BY-NC,Coffea arabica,coffea,coffea_calib,casual,2025-07-15,21.3,-99.1,1,1,https://www.inaturalist.org/photos/601829836
601921054,4baddcad-27a6-4f8f-9fb5-fb67d8aa6d71,9945733,CC-BY-NC,Coffea arabica,coffea,coffea_calib,research,2025-12-20,7.8,-80.3,0,0,https://www.inaturalist.org/photos/601921054
603947961,4d42ebb2-5328-49c4-ac7b-0e3f57d2fbad,19767,CC-BY-NC,Coffea arabica,coffea,coffea_calib,research,2025-12-30,-24.5,30.9,0,0,https://www.inaturalist.org/photos/603947961
606568228,45b6c5d7-df04-4134-832b-9391459dc361,5466212,CC-BY-NC,Coffea arabica,coffea,coffea_calib,research,2026-01-08,-28.3,153.4,0,0,https://www.inaturalist.org/photos/606568228
607196315,8b5ac84e-a74a-4271-9a75-f0e8b036d3e6,7454265,CC-BY-NC,Coffea arabica,coffea,coffea_calib,research,2026-01-11,10.3,-84.8,0,0,https://www.inaturalist.org/photos/607196315
608644764,294aff1d-b525-47cc-9fa7-7d5b10528dd0,10053650,CC-BY-NC,Coffea arabica,coffea,coffea_calib,research,2026-01-16,6.7,-76.0,0,0,https://www.inaturalist.org/photos/608644764
608647355,d133b452-2693-4e8b-a29e-24804caf19e8,7190382,CC-BY-NC,Coffea arabica,coffea,coffea_calib,casual,2026-01-15,25.0,121.4,0,0,https://www.inaturalist.org/photos/608647355
610188076,9405e3a8-4257-4d53-a895-67ba98bcf665,10083301,CC-BY-NC,Coffea arabica,coffea,coffea_calib,casual,2026-01-23,18.4,-66.1,0,0,https://www.inaturalist.org/photos/610188076
611168899,456053ff-11e2-4d49-8ca9-a84113a39228,9675951,CC-BY-NC,Coffea arabica,coffea,coffea_calib,research,2025-04-15,17.1,120.9,0,0,https://www.inaturalist.org/photos/611168899
612133193,33aacd52-bcbc-4283-ab92-adaf3f3e897c,7728104,CC-BY-NC,Coffea arabica,coffea,coffea_calib,research,2026-01-30,4.6,-75.6,0,0,https://www.inaturalist.org/photos/612133193
612993854,64c8ecea-41e2-43a9-af2a-0aea6284c1ee,9708792,CC-BY-NC,Coffea arabica,coffea,coffea_calib,research,2025-12-30,22.1,-78.9,0,0,https://www.inaturalist.org/photos/612993854
614016737,bdd734f6-8b46-49ac-b761-7c4c4d9c0b49,10040163,CC-BY-NC,Coffea arabica,coffea,coffea_calib,research,2024-08-16,18.0,-76.7,0,0,https://www.inaturalist.org/photos/614016737
614109695,e5afc95d-f1e1-46f5-a509-4d15a0a1e4d4,10116828,CC-BY-NC,Coffea arabica,coffea,coffea_calib,casual,2026-02-08,22.7,120.4,0,0,https://www.inaturalist.org/photos/614109695
614384739,ea4bb86f-512b-42e7-9802-a5c5f5d359ac,2922456,CC-BY-NC,Coffea arabica,coffea,coffea_calib,research,2026-02-07,10.3,-84.8,0,0,https://www.inaturalist.org/photos/614384739
615334370,59c43ee2-41c4-4613-a4c3-a145600a149e,58808,CC-BY,Coffea arabica,coffea,coffea_calib,casual,2026-02-12,19.0,-70.8,0,0,https://www.inaturalist.org/photos/615334370
615651589,5f496b59-9a5c-4f96-b3c0-03f08d63ab03,9406450,CC-BY-NC,Coffea arabica,coffea,coffea_calib,research,2025-11-26,13.5,-88.5,0,0,https://www.inaturalist.org/photos/615651589
616122653,da4ea56e-0997-4f44-925f-9c97799d1a95,10112416,CC-BY-NC,Coffea arabica,coffea,coffea_calib,casual,2026-02-13,16.9,-92.4,1,1,https://www.inaturalist.org/photos/616122653
617704297,60745b79-66fd-4908-b4e5-ff037edd6a8f,3427063,CC-BY-NC,Coffea arabica,coffea,coffea_calib,research,2026-02-21,14.7,121.2,0,0,https://www.inaturalist.org/photos/617704297
619664746,69290e6b-12a6-4588-923c-cfdeb49856a2,9644579,CC-BY-NC,Coffea arabica,coffea,coffea_calib,research,2026-02-27,-0.7,-90.4,0,0,https://www.inaturalist.org/photos/619664746
622734336,4d9bc279-a850-42fb-a723-f6d19d2eadce,5826780,CC-BY-NC,Coffea arabica,coffea,coffea_calib,research,2026-03-05,-0.9,-89.4,0,0,https://www.inaturalist.org/photos/622734336
624754832,fbce3c57-6347-487b-8ed1-71754c96cd2d,8421938,CC-BY-NC,Coffea arabica,coffea,coffea_calib,casual,2026-03-15,22.7,120.3,0,0,https://www.inaturalist.org/photos/624754832
625398174,651cfe2f-05eb-47b5-ace9-067c514c7131,10059786,CC-BY-NC,Coffea arabica,coffea,coffea_calib,research,2026-03-15,21.0,-156.6,0,0,https://www.inaturalist.org/photos/625398174
625568262,b73b29dd-dbe4-44cd-917c-d86630e2eeef,10082283,CC-BY-NC,Coffea arabica,coffea,coffea_calib,research,2026-03-16,10.3,-84.9,0,0,https://www.inaturalist.org/photos/625568262
627394758,17bf6419-05d7-43c9-8bf2-e9137525dd01,4317345,CC-BY,Coffea arabica,coffea,coffea_calib,casual,2026-03-06,25.0,121.6,0,0,https://www.inaturalist.org/photos/627394758
628371043,b0996954-9392-47ac-af2d-4fc84e9dce51,9586628,CC-BY-NC,Coffea arabica,coffea,coffea_calib,casual,2026-03-17,24.0,121.6,0,0,https://www.inaturalist.org/photos/628371043
628448803,a866e6bd-4b99-480e-9dd0-e66dbb444ba6,10286460,CC-BY-NC,Coffea arabica,coffea,coffea_calib,research,2026-02-20,21.1,105.3,0,0,https://www.inaturalist.org/photos/628448803
629032153,5f1cd7bc-4e8a-43f4-9313-4477945f82d6,1497707,CC-BY-NC,Coffea arabica,coffea,coffea_calib,research,2026-03-24,9.2,-79.4,0,0,https://www.inaturalist.org/photos/629032153
629561121,12ed8f00-3cf8-45ac-9168-f8dbcc05a70c,10065802,CC-BY-NC,Coffea arabica,coffea,coffea_calib,research,2026-03-14,22.4,114.1,0,0,https://www.inaturalist.org/photos/629561121
631610227,70003b7c-cd9b-4c36-90dc-e2a0721f232f,84426,CC-BY-NC,Coffea arabica,coffea,coffea_calib,casual,2026-03-31,19.7,-156.0,0,0,https://www.inaturalist.org/photos/631610227
633581345,da303654-8b13-436b-8f72-479d23266016,370917,CC-BY-NC,Coffea arabica,coffea,coffea_calib,research,2026-04-02,16.1,121.0,0,0,https://www.inaturalist.org/photos/633581345
634594637,70bafc7a-dbb6-44e0-9450-5606be09327f,9432601,CC-BY-NC,Coffea arabica,coffea,coffea_calib,research,2026-04-06,20.7,-97.9,1,1,https://www.inaturalist.org/photos/634594637
635192130,d6b2837f-759d-4b53-8646-a4c26cf224b9,3206530,CC-BY-NC,Coffea arabica,coffea,coffea_calib,casual,2026-04-08,40.5,-74.4,0,0,https://www.inaturalist.org/photos/635192130
635639163,f4003de2-bc4b-4782-a768-6e9b8d4aed14,10174311,CC-BY-NC,Coffea arabica,coffea,coffea_calib,casual,2026-04-09,-21.2,-45.0,0,0,https://www.inaturalist.org/photos/635639163
636009372,9a794bb7-b7fd-4d10-b540-9c7bab64c58d,9334850,CC-BY-NC,Coffea arabica,coffea,coffea_calib,casual,2026-03-18,14.8,-91.2,1,0,https://www.inaturalist.org/photos/636009372
637214662,1a741c32-6d78-4f82-b3eb-6baf89dac9da,8551376,CC-BY-NC,Coffea arabica,coffea,coffea_calib,casual,2026-04-12,18.9,-97.0,1,1,https://www.inaturalist.org/photos/637214662
638935242,9c8bc7ee-195a-4693-9813-04fbbf44b05f,9252960,CC-BY-NC,Coffea arabica,coffea,coffea_calib,casual,2026-04-02,24.8,121.7,0,0,https://www.inaturalist.org/photos/638935242
644262339,e048bc6d-67ec-4de6-86ab-4b717f0c126a,9180016,CC-BY-NC,Coffea arabica,coffea,coffea_calib,casual,2026-04-24,-14.8,-64.9,0,0,https://www.inaturalist.org/photos/644262339
644285771,d36bccf6-3b4c-407f-be34-ea4930481ecd,10432472,CC-BY-NC,Coffea arabica,coffea,coffea_calib,casual,2026-04-24,-2.9,-79.0,0,0,https://www.inaturalist.org/photos/644285771
644782689,48cde5bf-7a7c-4395-af83-37797cfcc068,5467359,CC-BY-NC,Coffea arabica,coffea,coffea_calib,casual,2026-04-25,25.1,121.5,0,0,https://www.inaturalist.org/photos/644782689
645223877,dab9ca33-a2b9-4bb0-922a-ddcfaae42de9,10365380,CC-BY-NC,Coffea arabica,coffea,coffea_calib,research,2026-04-25,-23.6,-46.7,0,0,https://www.inaturalist.org/photos/645223877
645765093,1d3800f2-9ec5-487d-a425-3ff5f11c9bbb,10442952,CC-BY-NC,Coffea arabica,coffea,coffea_calib,research,2026-04-25,-23.6,-46.8,0,0,https://www.inaturalist.org/photos/645765093
646201649,3842530d-1c0a-4215-bf7e-3e94436401b8,10343444,CC-BY-NC,Coffea arabica,coffea,coffea_calib,research,2026-04-25,-6.4,106.8,0,0,https://www.inaturalist.org/photos/646201649
646338163,7dfdd3be-2f88-431f-a8f3-6fe56879f97e,10431434,CC-BY-NC,Coffea arabica,coffea,coffea_calib,casual,2026-04-26,25.0,121.5,0,0,https://www.inaturalist.org/photos/646338163
646364901,bfc96a1a-c05a-41ab-8f74-33f3b5da9df6,10445733,CC-BY-NC,Coffea arabica,coffea,coffea_calib,casual,2026-04-26,7.1,-73.1,0,0,https://www.inaturalist.org/photos/646364901
647011189,cb70e308-697b-4843-8792-17639a8b1dd8,9232859,CC-BY-NC,Coffea arabica,coffea,coffea_calib,casual,2026-04-26,21.2,-88.2,1,1,https://www.inaturalist.org/photos/647011189
647950808,6077dee6-bc7b-466f-80e3-2b98d8993e3e,1290120,CC-BY-NC,Coffea arabica,coffea,coffea_calib,casual,2026-04-27,25.1,121.5,0,0,https://www.inaturalist.org/photos/647950808
648392385,8c4df256-2b2b-4f32-a0bf-ea3bdc01af23,10344222,CC-BY-NC,Coffea arabica,coffea,coffea_calib,research,2026-04-27,-23.5,-46.5,0,0,https://www.inaturalist.org/photos/648392385
649351091,64bfdbf3-47c0-45ac-97ea-1c1b1a61f085,10341944,CC-BY-NC,Coffea arabica,coffea,coffea_calib,research,2025-07-11,-15.8,-47.9,0,0,https://www.inaturalist.org/photos/649351091
650155795,7735a20a-136c-435e-8df6-37a7f4bf280d,9139762,CC-BY-NC,Coffea arabica,coffea,coffea_calib,research,2025-12-12,-12.9,-72.7,0,0,https://www.inaturalist.org/photos/650155795
651663508,a9680626-e642-4727-978a-9822358a8c0b,10480412,CC-BY-NC,Coffea arabica,coffea,coffea_calib,research,2026-05-02,-17.8,177.2,0,0,https://www.inaturalist.org/photos/651663508
652047789,8ebca6aa-d68f-43fe-8ec9-afc9d4efb799,3480007,CC-BY-NC,Coffea arabica,coffea,coffea_calib,research,2026-05-02,7.5,80.4,0,0,https://www.inaturalist.org/photos/652047789
654050426,7f55ffcf-8e76-4429-9b34-373c170713e4,10476289,CC-BY-NC,Coffea arabica,coffea,coffea_calib,research,2026-05-05,-17.8,177.2,0,0,https://www.inaturalist.org/photos/654050426
655785379,29bc8efa-ebe0-4ec3-beea-faa2b30baea8,10203659,CC-BY-NC,Coffea arabica,coffea,coffea_calib,research,2026-05-08,27.5,89.9,0,0,https://www.inaturalist.org/photos/655785379
657168870,f19d11d8-8138-44b3-8cf3-a119dcb5e0df,10130015,CC-BY-NC,Coffea arabica,coffea,coffea_calib,research,2026-05-08,-23.0,29.4,0,0,https://www.inaturalist.org/photos/657168870
658230460,926e09c3-61bd-450f-86f3-72e7cc7272d5,780072,CC-BY-NC,Coffea arabica,coffea,coffea_calib,research,2026-05-09,17.1,-89.1,1,0,https://www.inaturalist.org/photos/658230460
661679106,8dd85f1a-3fd7-4685-84e2-4305503f866a,9114009,CC-BY-NC,Coffea arabica,coffea,coffea_calib,research,2026-05-17,-3.7,-79.7,0,0,https://www.inaturalist.org/photos/661679106
662137772,1b84b88b-3084-4c06-aba4-b4c57a1aa619,10553215,CC-BY-NC,Coffea arabica,coffea,coffea_calib,research,2026-05-18,-20.8,-42.8,0,0,https://www.inaturalist.org/photos/662137772
662174167,d831c3c3-2859-4eeb-ac79-172577a0690c,10543110,CC-BY-NC,Coffea arabica,coffea,coffea_calib,research,2026-05-18,-23.2,-45.9,0,0,https://www.inaturalist.org/photos/662174167
663131051,25491905-7d9a-49db-98ac-98c37d254503,10386000,CC-BY-NC,Coffea arabica,coffea,coffea_calib,casual,2026-05-20,25.0,121.2,0,0,https://www.inaturalist.org/photos/663131051
663782541,af7aa605-a97a-4620-bfb5-822c88fea48e,10522449,CC-BY-NC,Coffea arabica,coffea,coffea_calib,research,2026-05-20,18.2,-67.0,0,0,https://www.inaturalist.org/photos/663782541
665502795,0583fcde-c3eb-45b6-bc33-62b65947f494,5990177,CC-BY-NC,Coffea arabica,coffea,coffea_calib,research,2026-05-23,16.4,120.6,0,0,https://www.inaturalist.org/photos/665502795
668288939,29fcb427-2116-4b40-a946-e640d363da82,8431284,CC-BY-NC,Coffea arabica,coffea,coffea_calib,research,2023-08-27,12.4,75.7,0,0,https://www.inaturalist.org/photos/668288939
668412805,31236e8b-879b-4a2e-b68c-ae87701c4fc2,9063023,CC-BY-NC,Coffea arabica,coffea,coffea_calib,casual,2026-05-28,10.5,-84.7,0,0,https://www.inaturalist.org/photos/668412805
671663917,6006fb73-b974-4239-a597-b7c361c001e9,9402832,CC0,Coffea arabica,coffea,coffea_calib,research,2026-06-02,-12.9,-38.4,0,0,https://www.inaturalist.org/photos/671663917
675562148,cbd18d50-5e97-44bd-ab92-7bfc917c059b,10648340,CC-BY-NC,Coffea arabica,coffea,coffea_calib,research,2025-08-13,-17.0,145.4,0,0,https://www.inaturalist.org/photos/675562148
676681071,ae10bdea-177d-4090-90eb-fc70e61c3b06,7289180,CC-BY-NC,Coffea arabica,coffea,coffea_calib,research,2026-06-10,14.5,-90.7,1,0,https://www.inaturalist.org/photos/676681071
677232984,c2319f68-3d26-4d41-a005-d0c00f8edad7,10658807,CC-BY-NC,Coffea arabica,coffea,coffea_calib,research,2026-06-06,10.8,-72.8,0,0,https://www.inaturalist.org/photos/677232984
677303173,6267177c-e687-4aa0-9f9f-d4d01d8c3a7b,10216355,CC-BY-NC,Coffea arabica,coffea,coffea_calib,research,2026-06-11,2.9,-76.4,0,0,https://www.inaturalist.org/photos/677303173
683650367,4f554d0f-cbb5-4661-8909-e62ae1fc5735,10568339,CC-BY-NC,Coffea arabica,coffea,coffea_calib,research,2026-06-20,-12.9,-72.7,0,0,https://www.inaturalist.org/photos/683650367
693240959,2c5479ed-3c71-4d34-bffb-51f9d5e2b77a,10743961,CC-BY-NC,Coffea arabica,coffea,coffea_calib,casual,2026-07-07,24.1,121.0,0,0,https://www.inaturalist.org/photos/693240959
694951246,d49fe5ef-2b6f-4475-abb2-dc76004f038f,10724768,CC-BY-NC,Coffea arabica,coffea,coffea_calib,casual,2026-07-10,25.1,121.3,0,0,https://www.inaturalist.org/photos/694951246
697867101,9deabf46-98ee-42ac-ba4f-a0966c38a417,10764146,CC-BY-NC,Coffea arabica,coffea,coffea_calib,needs_id,2026-07-14,10.3,-84.8,0,0,https://www.inaturalist.org/photos/697867101
699344150,8b0a1929-7986-44f2-8893-eb48bd57933e,10775585,CC-BY-NC,Coffea arabica,coffea,coffea_calib,research,2026-07-11,10.1,-84.2,0,0,https://www.inaturalist.org/photos/699344150
700297394,cee3e03b-900a-4590-a5fb-a31f7015da70,7149013,CC-BY-NC,Coffea arabica,coffea,coffea_calib,needs_id,2026-05-05,21.5,-158.0,0,0,https://www.inaturalist.org/photos/700297394
700409849,3e3db01c-d124-4829-82f0-197107091ba5,352588,CC-BY,Coffea arabica,coffea,coffea_calib,research,2026-07-11,-13.9,-171.8,0,0,https://www.inaturalist.org/photos/700409849
700751130,a2cb41ac-ccaa-48cb-8464-0b350ef71edb,9465213,CC-BY-NC,Coffea arabica,coffea,coffea_calib,research,2026-07-17,-0.9,-91.0,0,0,https://www.inaturalist.org/photos/700751130
701373307,d7564ab7-46b4-4263-993a-ebf9800a3af5,5146912,CC-BY-NC,Coffea arabica,coffea,coffea_calib,research,2026-07-20,-27.6,153.2,0,0,https://www.inaturalist.org/photos/701373307
703807024,12897950-1307-40f1-b58c-897bebd2f0a0,10304940,CC-BY-NC,Coffea arabica,coffea,coffea_calib,casual,2026-06-06,25.1,121.7,0,0,https://www.inaturalist.org/photos/703807024
705872336,e649c615-4398-4e9e-93fe-461c0982aead,7533118,CC-BY-NC,Coffea arabica,coffea,coffea_calib,casual,2026-07-27,22.0,100.8,0,0,https://www.inaturalist.org/photos/705872336
706593025,44f78487-d27b-4b62-be11-c8af9ff9a925,10664443,CC-BY-NC,Coffea arabica,coffea,coffea_calib,research,2026-07-27,7.0,80.5,0,0,https://www.inaturalist.org/photos/706593025
708739560,0ccbaf2e-36ce-4122-8e0d-4f2badab2e7d,10684942,CC-BY-NC,Coffea arabica,coffea,coffea_calib,research,2026-07-31,10.3,-84.8,0,0,https://www.inaturalist.org/photos/708739560
708794598,b25b189e-4252-4388-915b-a72fe7e5fc5c,10819208,CC-BY-NC,Coffea arabica,coffea,coffea_calib,research,2026-08-01,1.6,103.6,0,0,https://www.inaturalist.org/photos/708794598
709726292,6ad90fa2-1e62-4e42-9164-73b9d5726411,1097120,CC-BY-NC,Coffea arabica,coffea,coffea_calib,casual,2026-07-18,7.1,38.6,0,0,https://www.inaturalist.org/photos/709726292
717124484,466a0dce-1681-43d6-a598-6442a85b87e7,9845796,CC-BY-NC,Coffea arabica,coffea,coffea_calib,research,2026-08-13,21.5,-158.1,0,0,https://www.inaturalist.org/photos/717124484
718833255,40540903-eebb-4dfd-ae99-a72047fdd11e,10801877,CC-BY-NC,Coffea arabica,coffea,coffea_calib,needs_id,2026-08-14,9.6,-83.0,0,0,https://www.inaturalist.org/photos/718833255
718917292,39cd5aa1-9b37-4b60-a3b0-ad5b60c78787,12103,CC-BY,Coffea arabica,coffea,coffea_calib,needs_id,2026-06-18,11.1,-74.1,0,0,https://www.inaturalist.org/photos/718917292
725323555,4aa61d54-8ea0-46cb-88a0-3491a3dce736,10579440,CC-BY-NC,Coffea arabica,coffea,coffea_calib,research,2026-08-26,5.7,-75.7,0,0,https://www.inaturalist.org/photos/725323555
729192092,edf88870-1438-4085-acd2-4df1964a6d4e,10750881,CC-BY-SA,Coffea arabica,coffea,coffea_calib,research,2025-10-05,-26.5,-49.1,0,0,https://www.inaturalist.org/photos/729192092
729815493,a727ae5a-3ed8-4176-81e3-0e68dde5bab0,2260498,CC-BY-NC,Coffea arabica,coffea,coffea_calib,research,2026-09-06,-4.2,-38.9,0,0,https://www.inaturalist.org/photos/729815493
731071428,84e7ba4d-a9fe-445f-9cf5-bfc871f77e8b,9655246,CC-BY-NC,Coffea arabica,coffea,coffea_calib,needs_id,2026-07-28,-20.3,-40.3,0,0,https://www.inaturalist.org/photos/731071428
737319871,95644986-dd4d-44e9-b874-4ab16869529a,9134016,CC-BY-NC,Coffea arabica,coffea,coffea_calib,casual,2025-12-20,2.3,-75.9,0,0,https://www.inaturalist.org/photos/737319871
741323221,faa949ee-df01-4b4b-87a3-8d7561a1d09d,9024648,CC-BY-NC,Coffea arabica,coffea,coffea_calib,needs_id,2026-09-26,-20.7,164.9,0,0,https://www.inaturalist.org/photos/741323221
