photo_id,v2_answer,v2_top1,visible_leaf_symptom,note
56869926,roya,0.98,no,ripe cherries in a hand
58058499,roya,0.72,no,cherries in a hand
77319249,roya,0.84,no,green cherry cluster and leaves
83657817,roya,0.77,no,healthy-looking leaves
93928605,roya,0.78,unclear,leaves with a few small marks
110068250,roya,0.77,no,branch with ripening cherries
132076473,roya,0.94,no,healthy-looking leaves
136943183,roya,0.96,no,sack of harvested cherries
157288304,roya,0.81,no,healthy-looking leaves
232114155,roya,0.75,yes,leaf with brown necrotic margin
238949146,roya,0.91,no,cherries and leaves
241285997,roya,0.76,no,healthy-looking leaves
274665179,roya,0.74,yes,leaf with small brown spots
288421287,roya,0.79,no,healthy-looking leaves
306149314,roya,0.82,no,cherries on a branch
341292923,roya,0.86,no,branch with cherries
360248349,roya,0.86,no,healthy-looking leaves
368104713,roya,0.92,no,healthy-looking leaves
376649483,roya,0.77,no,flower buds and leaves
461632025,roya,0.94,no,healthy-looking leaves
473764273,roya,0.76,no,flowers
474866619,roya,0.82,unclear,flowers; one leaf with a brownish patch
535321556,roya,0.94,no,ripe cherries
560129374,roya,0.77,no,healthy-looking leaves
597926574,minador,0.92,no,flowers in a hand
619444638,roya,0.74,no,cherries on a branch
622784609,roya,0.96,no,healthy-looking leaves
629790575,roya,0.80,no,flower and leaves
710118379,roya,0.75,no,green cherries
710570289,roya,0.76,no,flower and leaves
717500272,roya,0.80,no,green cherries and leaves
735753705,roya,0.93,no,healthy-looking leaves
