stage,epoch,lr,train_loss,train_acc,val_acc,val_macro_f1,seconds
1,1,1.00e-03,0.9052,0.6522,0.9196,0.9178,66
1,2,1.00e-03,0.5388,0.8022,0.9327,0.9314,67
1,3,1.00e-03,0.4800,0.8205,0.9242,0.9227,72
1,4,1.00e-03,0.4359,0.8372,0.9253,0.9251,53
2,1,2.00e-04,0.2977,0.8868,0.9683,0.9682,77
2,2,1.92e-04,0.1737,0.9322,0.9779,0.9778,77
2,3,1.71e-04,0.1209,0.9531,0.9734,0.9732,78
2,4,1.38e-04,0.0913,0.9663,0.9740,0.9737,81
2,5,1.00e-04,0.0745,0.9715,0.9677,0.9678,78
2,6,6.17e-05,0.0586,0.9762,0.9740,0.9737,78
2,7,2.93e-05,0.0498,0.9821,0.9677,0.9673,78
2,8,7.61e-06,0.0443,0.9838,0.9757,0.9755,80
